,text
0,创刊号
1,男人
2,送!
3,CBD 
4,泊车地图
5,首站=北京
6,FOR HIM MAGAZINE 
7,人独家奉献
8,她是你债主
9,砸它
10,30
11,100万
12,种危机时刻
13,是啊兄私人
14,飞机MAN
15,车、、陆用飞
16,机热气球4尺长
17,"击,引,龙卷风,被手党杀,低温"
18,的房车一
19,"天人,30种手人"
20,内裤拯救全世界
21,拆
22,好国en
23,12品
24,",生"
25,开看个
26,:98
27,萄9
28,赵薇青春鸦片
29,"次成为国内男性刊物的封面人物,赵的笋享外"
30,s月号Mr2004
31,头条号女神要有范
0,男人装
1,12
2,种恶作剧
3,FOR HIM MAGAZINE 
4,"伪,◆女友上商"
5,友发布告
6,兄弟们
7,g家
8,抄家伙!
9,15种DIY方式做回真男人
10,600名克格勃
11,一夜曝光!
12,赛季出人头地
13,最新安全车芒毕露
14,人装
15,百万年薪招主编
16,丝巾:N种打法
17,事正式穿
18,送!
19,CBD 
20,泊车地图
21,钟丽缇!
22,本站广州
23,老男人
24,www .laonanren.com 
0,男人装
1,14
2,FOR HIM MAGAZINE 
3,问赵忠
4,1994-2004
5,性·言·回忆录
6,男人最爱
7,克林顿《我的一生Vs拉里《亲历历史》
8,21
9,个国家
10,风险手册
11,"国人出行小心了一比利时饼,地"
12,"但子,南人的富,就加的毒,巴西人"
13,的小气一随时可能你
14,裸体印钞机
15,全世界都有
16,豆腐渣工程
17,狙击手课堂
18,公子出门新装上身
19,2004
20,孟广美L
21,性活
22,老男
23,www .laonanren.com 
0,男人装
1,FOR HIM MAGAZINE 
2,10
3,位摇滚明星
4,床上访谈
5,在上和的方式向他
6,50
7,场经典
8,足球赛
9,打入面试现场
10,"全,正离整个试过"
11,孔庆翔:美国新偶像
12,"走,台风滑的民小子一成为“美国"
13,PLUS !
14,2004福斯
15,11月国房
16,0辆人爱马力
17,04/05秋冬男装All in One 
18,8礼物进给
19,7卫皮品
20,4
21,戴安娜:面相与婚姻宿命
22,20个香港夜店蹲守明星
23,瞿颖
24,12月
25,尤物
26,老男人
27,www .laonanren.com
0,男人装
1,500
2,万奖金找发票
3,FOR HIM MAGAZINE 
4,越洋采访“半岛
5,富人的8种动物性
6,"上榜名单:酒石吃法德国王里·利森,变王柱,"
7,"纳布兰猫王,比尔盖顶"
8,克里竞选班子头面人物
9,J.Kalani English 披露大选内幕
10,女子4人行之“心猿意马”
11,"搭讪挑战赛,后海对决"
12,"精一、小如何每4位能女进手,10月1日一专出"
13,100部DVD
14,15款男人香
15,10款敞篷车
16,10顶棒球帽
17,Feature 
18,9个生理问题
19,布什克里
20,8张女性大碟
21,7款MP3
22,款航模玩具
23,10月
24,尤物
25,范冰
26,头条号女神要有范
0,男人
1,2004
2,中国小姐
3,FOR HIM MAGAZINE 
4,写真集
5,至少F1
6,达数码机
7,"看车病,道解密,把开上长安一"
8,16件要命家当
9,拆!
10,到你手软
11,"量,航母战斗机一看看英国耗尽"
12,财力置办的这些新伙吧
13,本刊卧底
14,5种街头生财之道实录
15,凤凰名嘴梁冬
16,女人于我如古董
17,衬衣露出来!
18,大步骤
19,男变女
20,麻辣女同学
21,莫文蔚!
22,老男人
23,37标准
24,www .laonanren.com
0,男人装
1,FOR HIM MAGAZINE 
2,李湘
3,的终结
4,PLUS 
5,4手
6,200年月2日结经的于2004年12月10日
7,6款
8,男o
9,机
10,12件PARTY 行a
11,2004
12,《男人装》人气榜单
13,万名网友参加最异的网上冷
14,同以位人先现多你是老相
15,50
16,大出糗事件
17,看穿2004年
18,12句开场白搭讪名流
19,黄霑
20,沧海
21,一声笑
22,"在生命的后天,到了的乐他的女人"
23,他的朋友和他的生一
24,月
25,李冰
26,尤物
27,老男人
28,号
29,www .laonanren.com
0,男
1,FOR HIM MAGAZINE 
2,爱戴!
3,世界在
4,个问是
5,陆俊亮红
6,变
7,"你走,有机电人就的时间"
8,把个丝界的大法收一
9,大界小一
10,惊世小家伙
11,大场”之人再
12,"再厉,为见弟们罗无与的"
13,小家快”
14,间谍秘密武器
15,实不
16,只是它份的伪事实上
17,反恐精英
18,看得到
19,"最新装,让你成为正的时尚"
20,死磕拉登
21,你在市场上们
22,"人》保证,这好马上就"
23,你的野中
24,国格内一定
0,男人
1,FOR HIM MAGAZINE 
2,炮弹把我打穿了!
3,防伏击的美国
4,大
5,拯救大行动
6,人
7,全民钢铁侠
8,解开军服的
9,RE 
10,性感密码
11,IRONM 
12,COVER GTRL 
13,张雨绮
14,最深的激情演绎雕塑家
15,分享大佬周星驰
16,200年露总67期
17,751472-837
18,号Nne
0,男人装
1,MINI 
2,PLUS !
3,FOR HIM MAGAZINE 
4,4大系列色男
5,6款DVD卧室天
6,8件情人礼送女人
7,50
8,大2005年
9,10商尔夫产品一科进
10,最赚钱的工作
11,"包括注册会计师,战地记者,保、足球判"
12,你的年过得
13,有多傻
14,"16842名网友参加的网络调查,最详"
15,的数据论证相对科学的过年方式
16,她值吗?
17,"25《男人装式的问题,让你在“人"
18,节前彻为她付值不值
19,打入大不列颠!
20,海外编生命危险英国险的情关于
21,"他们的核,情监听部门和防核攻击掩体"
22,11类飞机上的讨厌鬼
23,与近百名空中小姐1000名同友兄弟共同评选1
24,类最让人无法忍受的飞机客
25,王中军的6个碎片
26,锡
27,奥斯卡的8大迷信
28,网络购物菜鸟秘笈
29,周
30,2200导准c10
31,价
0,男人装
1,5春车
2,5大小
3,7化不出户好
4,0大身再
5,FOR HIM MAGAZINE 
6,水备无的免看
7,第一次从来都是
8,安全期的女人
9,发转专正
10,看看他们的发明
11,"2空地的,们优奥器"
12,的生便器们中的文专
13,5
14,大行为艺术
15,人
16,为
17,11个问题
18,《纽约时报》记者
19,为难周星驰
20,化茶食
21,惊魂伊拉克
22,出?
23,星是
24,PARIS 
25,人》一不过
26,8种办公室
27,团队游戏
28,体验
29,要她做女友!
30,3月
31,杨恭如男
32,尤物
33,3号20
34,www .laonanren.com 
0,男人装
1,PLUS 
2,FOR HIM-MAGAZINE 
3,10
4,50
5,本月特
6,部终极游戏
7,北京伦敦
8,性骚扰实验
9,与身体膏
10,的
11,床女友
12,初的疼痛与问诊
13,一线访问
14,力赛的中国人
15,金
16,白想
17,黄蓉做太太
18,15部影片卖点分析
19,最人节
20,张弥!
21,深度恶搞
22,人的
23,VCD !
24,老男人
25,www .aonanren.com 
0,男人装
1,FOR HIM MAGAZINE 
2,月特
3,《男人装》周年专题
4,TOP10 
5,7张投选(男人装过一作0个火专
6,的1条留全
7,20P
8,视觉纪录:
9,被看、性度与禁忌
10,活在南宋
11,干什么行当最爽?
12,本心为
13,程现代明在的场生活一
14,界纪录保持
15,为我们万
16,PLUS !
17,春夏新品快件酒
18,10大酷车奥斯卡
19,10想
20,最情车辆“
21,5大车
22,的一
23,线访
24,成龙:
25,安迪约翰逊
26,林志
27,尤物
28,条号神要有范
0,人装
1,OR HIM MAGAZINE 
2,好莱坞拍电影!
3,"了几分钟就写好了剧本,它也许既不叫座也不"
4,管它呢!去好莱!
5,0
6,火线来信
7,穆里尼奥的
8,张来自
9,三十六计
10,原夺的计奇谋
11,拉克的明信片
12,职
13,她突发奇想地穿起
14,男装井像我们一样
15,干起店。做男人
16,"很骄,”她说"
17,琦琦的
18,性爱险途
19,她裸着在被子里等
20,等到花儿都谢
21,了
22,PLUS 
23,11款防晒装备保你嫩皮
24,极具争议的电影《银饰》中的
25,粉
26,女主角孟尧梦想成为国际影星
27,7种Q礼品给你女友
28,明讨债鬼
29,LT与主流相互取暖
30,于娜
31,头条号女神要有范
32,MAGGIE www .thm..com.onSSN 1672 
0,男人装
1,FOR HIM MAGAZINE 
2,Kelly Brookt 性感头牌
3,Beijing +London
4,“超短裙
5,Midnight 
6,Cowbovs 
7,街头实验
8,午夜牛仔
9,"伦,北京度同时间操作人携美"
10,模各类男性人群抢到第一现场资料
11,亲历消防
12,24小时
13,赏金
14,在防生活两天一参加魔鬼式正规训练随
15,队出病现场
16,捕手
17,MARAH 
18,1点(人
19,利一的
20,以
21,的手
22,CARE 
23,PLUS !
24,4双行夏
25,58UV任你
26,7钟办去滩
27,20部穿帮奥斯卡片
28,护品区不油
29,10件宝儿(星3
30,像小贝那样罚球
31,五年七
32,瑜伽大师
33,TIWARI 教我们
34,提高性能力
35,月号y2005gh1119700(国内线一刊号)定人民币20元币2元
0,男人
1,新闻女郎梁
2,FOR HIM MAGAZINE 
3,绑票城市
4,如果巴格选被容为最易致命的度地么
5,圣保罗到可敏称为绑架之都
6,9864英镑
7,女体实验
8,如何激起她们的如火激情?(男人装》花
9,"全粗来整座影和热成像影机,通过女人体"
10,征变化告诉你答案
11,你中
12,希特勒的宠儿
13,头彩了
14,独家专访特勒“生命之源邪恶计划的幸存者
15,人节电视专
16,"不猪发,"
17,得到了?
18,黄圣依!
19,PLUS 
20,4种短流
21,小率五
22,7大露营野外
23,清纯、率直、任性的上海式蛋白质星女郎
24,9款新品型男
25,1款音乐点燃老
26,30
27,大吉尼斯
28,扯淡之最
29,玄色回流
30,:
31,男人装流行提前
32,肌肤降温
33,七款止产品酒凉
34,時尚
35,(国际号C
36,宽价人民2025元
0,男人装
1,FOR HIM MAGAZINE 
2,超级大场面!
3,QUOTE UNQUOTE 
4,大场让
5,狂人爱追龙卷风
6,大大大风、大
7,大大过
8,男人装》游戏特
9,上海台北、港
10,2005升性
11,艾敬
12,兄弟们
13,过节啦!
14,人节
15,死人会说话
16,人你何让在的
17,PLUS 
18,4
19,收起你的
20,娘娘腔!
21,老男
22,90上评最经典电
23,www .laonanren.com 
0,本刊获《新周刊》“年新锐传媒杂志大奖
1,男人装
2,FOR HIM MAGAZINE 
3,Feature 
4,财富的G点
5,"这个点与高顺无关,都与一生的意义有关"
6,田原
7,非洛丽塔
8,非比约克
9,"中发布全英文唱片,把小说权卖:大学获得香港金"
10,奖最佳人奖无人预知她将用什么方式出现在2006年
11,"汽车,不可能完成的任务"
12,一次战想象力的竞技和一份常规汽车测报告
13,男人的第1次
14,"一个个从享受过程到占有结果的转变,更"
15,看到一次次社会的变理
16,Reporter Girl 
17,春树的半天欢乐
18,因上《时代》封面大受热的春树粉
19,9份女性小礼不薄情更重
20,16支好产品夜面色难
21,登味观身《男人装
22,22种具外吃
23,《男人装》
24,2装备装好上
25,幽默精神
26,大奖
27,造
28,大属通
29,y0
30,yo
0,性感单身女性联合宣随刊附送“单女”扑克
1,送“单女”扑克
2,手
3,FEATURE 
4,胜利大
5,《越什么?美国里
6,个大的经历比电影更好看
7,FEATURE 
8,《人装乐
9,伟大的《男己的乐队更
10,的是:我们作了产起的单曲参加
11,Is So Hot !
12,定京的美
13,0一代
0,赠个人
1,COVER GIRL 
2,人邦静
3,专
4,赵琳!
5,FEATURE 
6,007
7,搞定邦女郎!
8,史上所有邦女郎大起底
9,"光说不练,"
10,人民添
11,港币元
12,泡妞不掂!
13,好莱坞级武指陈虎亲白教授功夫明星
14,"绝,让你泡妞如虎添翼"
15,中国单身女性排行业榜!本年度送给兄弟们的最大红包热辣出炉!
16,n00准内一明
0,手抄本
1,女人邦静》
2,专
3,100
4,大兵器谱
5,FASHION 
6,搏击俱乐部
7,"翻遍放纸堆,《男人装》终于集齐史上"
8,最牛的10大神兵利器
9,CLUB 
10,FEATURE 
11,COVER GIRL 
12,非常反刍
13,2006
14,周迅
15,梅开二度
16,"0件你绝对不知道的常事,带兄弟"
17,们重新发现206
18,人民光
19,港2元
0,全球真性情男性杂志
1,37p
2,男人
3,潮流王!
4,风
5,的
6,关公
7,运动竞
8,体育赛场上的
9,FOR HIM MAGAZINE 
10,"决,胜负"
11,说了算
12,Cover Girl 
13,蒋勤勤
14,中国第一手投是让人有的冲动她
15,在这个节气的单满绿可的爱情
16,★情人季节里的俊秀姑娘
17,2月女都杨华★新女部★职女王
18,Feature 
19,屁和不算和
20,用纯科手法深度解各地和法
21,富之间的在关系一
22,欢迎来到龊”世界
23,这个世界
24,菌和病吗?
25,《男人
26,场调查报告惊人真精
27,(人装情人节手册
28,完美的夜晚!
29,本刊特别的情人节手万民
30,"水火,界于倒"
31,月号ng
0,球真性情男性杂志
1,FOR HIM MAGA 
2,城市安全感
3,Gover Girl 
4,测试
5,人
6,吴辰君!
7,张达·华人设计大师眼中的女性妖娆
8,Feature 
9,10
10,大口诀搞定
11,OSCAR 
12,315人人都是鉴伪专家
13,弟们学会别奢品正牌登和
14,PLUS !
15,风度一
16,正牌蛙人!
17,绿手机时进
18,12一
19,2个件全文
20,潜水员的故事
21,追踪深海巨兽
22,米巨型鱿鱼男人装直面
23,3号h2
0,男人装》代言人新鲜出炉
1,男人装
2,FOR HIM MAGAZINE 
3,★
4,FEATURE 
5,邮件专访本拉登
6,疯了!我们为它耗费了68名特道记者、70万元
7,投入、5个日日夜夜
8,破烂大测试
9,身测试电视广告“神奇产品
10,骑什么都能飙
11,"驴、骑马骑骆驼,彻底改变你慢吞的生活"
12,看银熊不看奥斯卡!
13,《男人装》打入柏林片盛会
14,男人装宝贝
15,X类色X类墨(下辑
16,民币
17,10款水晶器地享乐
18,11MP4光有音乐还不够
19,1件春日行头只为休闲狂
20,块奶酷有种就来动
21,支球杆老加小鸟
0,河莉秀
1,男人
2,双周年
0,行中
1,市单身女性评选火进行中
2,后年轻主义
3,男
4,栗儿
5,FOR HIM MAGAZINE 
6,★
7,FEATURE 
8,世界杯
9,超级访问
10,"贝克汉姆,兰帕德、科尔…英兰"
11,领军人物被《男人装》一网打尽!
12,20
13,个夏天最值得
14,尝试的牛B玩法
15,小布什的“铁布衫
16,"专机不仅有替身,而且还防核辐射"
17,"车不只防炸弹,就算爆也能狂奔"
18,4个物件包装后雅皮
19,5款美车死你
20,人民币
21,8款叠自行车随处
22,币巧元
23,9种武器解决面子问题
24,知道不如做到!
25,何通车下为什么用?何直方别
26,人百知制想实机
27,有0内一邮考
0,上海、香港、广州三地单身女性首轮对决
1,117
2,男人
3,《女人邦》
4,人手出
5,国个人
6,FOR HIM MAGAZINE 
7,WORLD CUP 
8,足球训练营
9,神龙尾到凌空越顶世界杯连看带练!
10,放个P都能砸饭碗
11,最新草根明星“非常真人”组合演择“屁
12,大点儿事都能让你丢饭碗”的离奇故事
13,游戏的死门!
14,男人装》你探究经典游戏中的
15,亡观演变历程
16,级
17,essica 
18,人币20元
19,有
0,83日由本刊倡导的男人节2006庆典移师上海
1,随刊赠送
2,男人
3,《女人邦》
4,李静专刊
5,FOR HIM MAGAZINE 
6,COVER GIRL 
7,★
8,单女林爽!
9,清纯质朴独立的超女林爽与男人装》
10,"签订“单身协议,卷土重来"
11,★
12,FEATURE 
13,是人就能
14,5只新手机点儿出
15,红茶年后更好
16,10件户外精品去看藏
17,款户配件他就买
18,打广告!
19,联员、人民教师《男人装》广告
20,"贴在不同人群身体,效果空前惊人!"
21,20P
22,《胖子手册》
23,热辣出炉!
24,"为忽略的广大子见弟量体衣,度身定做"
25,城市单女系列
26,美女无罪?
27,"播队,坐霸王车、性骚扰异性,漂亮姑她"
28,连法不究
0,赠个人杂
1,女人邦静
2,人民币20
3,币巧元
4,专
5,变态这世界!
6,"暂时忘掉泡和啤酒,重新审视充满"
7,反讽的世界
8,看!这些死龙套
9,这帮呆鸟又犯错啦!
10,SOLO LADY 
11,OP39单女夜店
12,名兄弟共同评选出全中国单身娘出没最多
13,质量最高的夜店!
14,博朗剃须教
15,蔡依林
16,内一号
0,男
1,33
2,FOR HIM 
3,蛇的
4,The Three 
5,Faces of 
6,蛇的夏娃
7,PEUS !
8,N
9,"5中念车,汽车朝"
10,"5子,山"
11,"9风摩托,电"
12,"10款压产品,夜有方"
13,FEATURE 
14,三三
15,垃圾邮件的秘密
16,44p
17,"垃圾邮件承诺给我们钱,是真有效"
18,物质定义后雅皮
19,男人兄弟们
20,wm名达编号5内统一种邮代人2
0,男人
1,FOR HIM MAGAZINE 
2,伊能静
3,"爱与沟通的昼分裂,美女家"
4,吸血迷情!
5,FEATURE 
6,古怪宠物!
7,大海龟蚂蚁
8,真男人都养这些家
9,养老防儿
10,你的宝贝儿子最终
11,让你一如
12,PLUS !
13,4款夹克
14,7把好刀
15,终杀器
16,这么玩会死掉!
17,9只腕表
18,"飞钩灌篮是很,这"
19,潜水专用
20,"作随时可能要了你的,"
21,10辆敞蓬车
22,没准有艳遇
0,人
1,PLU 
2,10款太
3,葡
4,美国也
5,FOR HIM MAGAZINE 
6,件抓
7,天
8,FEATURE 
9,游戏的未来!
10,"扔掉P2手辆吧,《男人"
11,装》带你进入游戏的未
12,来世界
13,笨!就不要
14,出来!
15,男人装》
16,大发善心
17,40招大智
18,慧让你活
19,得更爽!
20,五大美女模特体验“中国杯帆船赛
21,美人出征中国海
22,发向人
23,时尚网运内一发向人
0,2007
1,男人
2,男性消费白皮书
3,"人装》联“百度,用"
4,最具技术含量的方式查诉你
5,过去一年见们如何主
6,满费布场
7,FOR HIM MAGAZINE 
8,FEATURE 
9,像老鼠一样活
10,鼠年就要来啦!我们打算
11,和这群小小的齿动物来
12,一场P!
13,发明
14,PLUS !
15,6瓶美酒元旦佐餐
16,100
17,6跑车热血沸腾
18,8台卡片相机绝对轻之选
19,年!
20,9件棒球装备给它命一击
21,"胸罩,须刀空调这些并"
22,不起眼的老家在一个世纪中奋
23,力改变看我们的生活
24,新年来了
25,安雅
26,等等再买!
27,当年的赤特工来了!这次她
28,2008年有不少好货上架
29,的任务是亲自进行一个
30,男人装》出手制订
31,"性别实验,却遭到"
32,新年购物指商
33,了不明入侵
34,以免你因冲
35,动后
36,网结时尚站内一代人元
0,年度评选
1,男人
2,2006
3,男人装
4,FOR HIM MAGAZ 
5,幽默精神大奖
6,人装“幽神大
7,尾适向获品们!
8,COVER GIRL 
9,阿朵
10,我们从梦想成为东方麦
11,"的阿朵身上,找到了比F罩"
12,杯更为重要的东西
13,撞色学院
14,FEATURE 
15,光说不练假把式
16,"电影中出理的绝妙动作,你也能做到"
17,独家报道
18,萨达姆死了
19,他还活着
20,在伊拉壳先遗击后被
21,"弃,他怎么能大难不死?来来"
22,"来,男人给你听!"
23,10款巧克力温润情人节
24,冲打天下
25,4种干邑昌尽人生快
26,yoo网尼际标(一号邮发号人0元5元
0,男人先
1,FOR HIM MAGA 
2,COVER GIRL 
3,李静个人杂志
4,曾黎
5,加厚隆重推出
6,东方美女为《男人装尽
7,"解罗,穿核时室打"
8,红美人的花瓶命
9,5音烟一起发烧
10,新车手可
11,6飞长城
12,7级笔记本转一切
13,FEATURE 
14,文莱烧包!
15,"直文国王个人生活,看看"
16,这家快的日子有多
17,FEATUR 
18,与世隔绝立方
19,"便携空间,避所、个人王国每个人都需要"
20,私密空
21,wa轮2标准
0,男人
1,FOR HIM MAGAZINE 
2,"嘿,你走光了!"
3,城市头2小时实地
4,FEATURE 
5,入侵虚拟世界!
6,"经过实地考,(男人装深地认到"
7,世界并不比现实世界好
8,COVER GIRL .
9,5车让
10,牛萌萌
11,"深体探戈一探龙,星与"
12,"的博,又是是后的主"
13,FASHION 
14,混态度
15,将您化
16,MIX &MATCH
0,三周年男人装
1,纪念号
2,40p静像电影
0,人
1,OR HIM MAGAZINE 
2,40
3,招打造真汉子
4,李丽珍
5,4单实用重新找回
6,的男子气
7,的生活
8,兄弟六一快乐
9,后的量生事
10,起子子重新制造些老
11,"吧!,并想一"
12,"让你唤起忆,让你儿手惊"
13,眼见未必实
14,"是的,但到的事卖全"
15,修过
16,女孩叫潘宝儿
17,家电事
18,7只精
19,0车定义
20,TURE 
21,法之徒
22,用种种懂的想的
23,打有这种想法的你了
24,你有内害一有周市
0,男人
1,特别奉送
2,2007巴尔
3,FOR HIM MAGAZINE 
4,COVER GIRL 
5,童瑶
6,10辆车
7,6双球鞋
8,任佛炒
9,"过的小文法宝大了,赠在学功"
10,"大,并不是为丁复"
11,5种冰酒
12,周口情
13,FEATURE 
14,4款香水
15,科幻变现实!
16,男人味
17,容排儿和他的水吧!我们己
18,人也从不力
19,男人装》
20,康复中心
21,探险记
22,你是否有酒性或吸毒成的?酒
23,乐究不能?查
24,人再次上造
25,细菌大搜捕
26,身办公室的你究多少环
27,7n网名时号00一代号
28,人伦12
0,君人
1,OR HIM MAGAZIN 
2,小月三人节
3,特
4,辑
5,第十禁规
6,击法内人周20
0,男人
1,3杯好酒
2,5双户外鞋
3,FOR HIM MAGAZINE 
4,4小车
5,9只腕表
6,捐精去
7,这是最适合人们的慈善
8,尤物
9,王海珍
10,黄帝外经的性感想像
11,视觉条理的城市路演
12,地球好危险!
13,《男人装》教你最危险的时候如何保住性
14,100终极网
15,200加强版热辣出
0,哈姆雷特
1,特
2,"月“永远是人头的,人士在春里法满"
3,"于上一的式你等早的货时,对于对物我的“"
4,"男北选一“是的一个,人在"
5,2春后出下论
6,上一手的礼元常可可点一手的行的下吧加多光
7,的色天的反光的和一的号
8,"礼离有动于的色得不么一个的王,"
9,人主不
10,中新网图
11,男人
12,o
13,FOR HIM MAGAZINE 
0,男人
1,你有福啦!
2,FOR HIM MAGAZ 
3,FEATURE 
4,玩儿的就是心跳
5,7大最牛B游戏即将发布!
6,你也能送国礼!
7,PLUS !
8,"青鱼,大白兔奶糖、小木"
9,5台新车换车先看
10,马国家之间的重礼你
11,10瓶啤酒必有你所爱
12,也能买得起!
13,10件户外装备走路不难
14,20款皮靴潮流必备
15,终极大冒险!
16,"时隔4年后,我们再度推出"
17,"找死之旅,送给那些够胆"
18,的兄弟!
19,COVER GIRL 
20,柳岩
21,客厅里的骑士阳台上跳房子一个人的天堂。
22,最性感女华丽身逍遥居家小女人…
23,00年08期
24,158672-837
25,FOR HIM MAGAZINE 
26,wwtrends .com .cn
27,号8标标准刊号50内一号邮发代号36人民币20元港币巧5元
0,FOR HIM MAGA 
1,FEATURE 
2,相面选总统
3,《男人装》首次梳理历任美国总统
4,"的血缘及外貌特征,保你在十分"
5,之一秒内决定总统命运。
6,女人恐惧指南
7,"做什么事会让姑娘心生恐惧,把"
8,你的约会搞砸?我们来告诉你
9,PLUS !
10,8只腕表时区无间切换
11,好莱坞教唆犯!
12,7瓶威士忌口味迥然不同
13,7套电脑外设Happy 利器
14,"记住,看大片变不成雷锋,倒有可"
15,7台跨界车一专多能
16,COVER GIRL 
17,MINI 
18,I COOPE .
19,zazhipu .com
20,内统一刊号邮
21,6人民币20元港币25元
0,人
1,FOR HIM MAGAZINE 
2,!
3,10只腕表
4,创意不寻常
5,9款好车
6,细节出情趣
7,8瓶老酒
8,熟悉又陌生
9,5台笔记本
10,智慧藏不住
11,FEATURE 
12,鲨鱼出没
13,请注意!
14,COVER GIRL 
15,跟我们去猎鲨吧!你有30%的
16,"机会一战成名,还有70%的可"
17,能葬身鱼腹!
18,余男
19,这个世界会好吗?
20,2008年终于要过去
21,狂野天真
22,"了,但我们仍有话"
23,要说
24,"在镜头前,是眼神为"
25,剑丰唇胜刀的动物凶
26,"猛:在镜头后,男人"
27,们应该爱上一个天真
28,纯粹的女人
29,200年第12期总第56期
30,zazhipu .com
31,2月号Debe200wm网络实时87号5197/0(国内统一刊号)邮发代号316人民币20元港币25元
32,2月号200
0,男人
1,时尚局外人!
2,戴地整对
3,时尚消费理不
4,FOR HIM MAGAZIN 
5,"好家伙,坏家伙!"
6,007米史密夫妇开路虎
7,我们告诉你这是为什么
8,PLUSI 
9,1只酷包以包为名
10,物
11,安全
12,6对表出双入对
13,贾静雯
14,养生放松世界地图
15,洲一《男人装》
16,与空南非太阳城
17,古人的智慧
18,"没有电,没有来水,没有电脑"
19,发现古人过得可丝毫不比我们
20,中新网图
21,a法内法一人民系元
0,MA 
1,戴菲菲
2,《男人装》四周年巨献
3,奥运史诗大片
4,圣火征途!
5,200年第5期总第期
6,1N1672-8378
7,zazhipu .
8,5月号My2008ww.comn网络实名:时尚网站SN1672838(国际标准刊号5197/0(国内统一刊号)邮发代号36人民币20元港币25元
0,男人装
1,咀嚼六
2,与你一起回味曾经滑过
3,我们稚嫩脸蛋的口水
4,FOR HIM MAGAZINE 
5,烧钱时速!
6,让我们看看每提升一公里时速就要出多少钞票
7,静像电影
8,断梦牛仔
9,下集
10,老人智慧!
11,"4位80岁以上的老硬汉,用近一个世纪的经验"
12,为年轻小伙子解答男人的疑惑
13,男人装
14,時
15,FOR HIM MAGAZINE O 
16,.com.cn
17,zaz .com
18,际标号10一人币20元元
0,男人
1,《男人装》进入汶川
2,"16P地震专题,"
3,"展现大灾中人的力量,"
4,苦难面前的乐观与希望
5,FOR HIM MAGAZINE 
6,FEATURE 
7,战争催生时尚
8,每一次男性时尚潮流
9,"的涌动,原来都与战争"
10,密不可分
11,上天入地
12,"忘掉普通的旅游项目吧,最"
13,新科技已经可以满足你最离
14,奇的幻想
15,中·
16,我们微笑
17,四大学志愿者
18,拍绳地为成都市四川大学华西医院救灾帐篷区
19,"面对灾难,微笑也是一种力量。"
20,"现在,我们用乐观建设未来。"
21,2008年第7期总第5期
22,iss1672-8378
23,7月号y008ww..网络实名:时尚网站S167283国际标准刊号C15197/0国内统一刊邮发代号316
24,人民币20元港币25元
0,男人
1,禁烟手册
2,月来京的烟民兄弟请
3,FOR HIM MAGAZ 
4,当期本刊以备万全!
5,丛林行动
6,男人装》编辑随哥伦
7,化亚精锐队打击毒贩
8,83大制作
9,男人节的
10,偶像木偶
11,女人不坏吗
12,男人
13,迅徐克
14,FOR HIM MAGAZINE 
15,0年ends.com.cn
16,15517237
17,zazhipu .com
18,对尚网站号内一引邮发代号人民币20元港币元
19,网实名时尚网站号0
0,条妙计保证高
1,FOP 
2,30P海外拍摄白记
3,捕捉男人装》美女
4,闯入“杜鲁门航空
5,《男人装》登上地球上最大的战争机器
6,它们没死
7,燕舞音响春都火腿肠爱多VD我们为你探究它们现在的死活
8,2008年第9期总第53期
9,5N1672-8378
10,zazhipu .com
11,号te2.络实名:时尚网站SN157283标0国内一号)邮发代号举人民币20元币
0,男人
1,PLUS !
2,足金打造的自行车
3,让奥巴马获胜的A片
4,啤酒罐打造的寺庙
5,小到看不清的情书
6,流血当流汗的角斗士
7,FOR HIM MAGAZ 
8,FASHION 
9,经济风暴
10,时尚风潮
11,+
12,SPECIAL FEATURE 
13,面子银子问题
14,春晚
15,一次解决
16,胖并帅气著
17,密码
18,FEATURE 
19,壮哉!比奥运开幕式
20,更牛的惊人成就!
21,搞定BABY
22,不是床上那个
23,而是摇篮那只
24,COVER GIRL 
25,赖活不如
26,诈死
27,本刊禁忌巨献
28,走投无路者必看!
29,"她是美国名模界的超新星,"
30,热辣出炉的全球最性感美
31,女请记住这个名:KK
32,卡罗莱娜科库娃!
33,kova 
34,号y 网络实名:时尚网i标0内统一号)邮发化号最人民币元币元
35,人民2元港币元
0,范冰冰
1,电影比我重要
2,FEATURES 
3,年后携手何平导演重登《男人装封面
4,广告搞晕你
5,我们为什么要鄙视如今的广告意
6,大鲨鱼奥尼尔
7,男人装》被搁
8,200
9,1Er-I7 
10,民元避币巧元
11,号方网g标准/5内一号发代号人民20元避
0,FOR HIM MAGAZINE 
1,炮弹把我打穿了!
2,拯救大行动
3,男人
4,全民钢铁侠
5,解开军的
6,性感密码
7,张雨绮
8,最深的激情演
9,分享大佬周星驰
10,.
0,人
1,FOR HIM MAGAZINE 
2,RANGE ROVEA 
3,意大利种马
4,卢法:如何众离
5,世界之南
6,皮衣猎人不
7,创
8,2009年度中国首席名模
9,CCTV的罗德曼
10,单靖雅
11,李味
12,领衔演绿神秘性感大片
13,那个不知道什么的主持人
14,2009年2期
15,1727
16,人0元币2元
17,t方2号0统一号发代号人0币元
0,男大
1,FOR HIM MAGAZINE 
2,FASHION 
3,潮男宣言世俗与权利
4,护肤法则非奢勿扰
5,IT MAN 以ART之名
6,SUIT FIT >西装独角戏
7,FEATURE 
8,危机圣典
9,完全版
10,这次是真的
11,更大的危机就
12,"快来了,只有"
13,捧着本刊的人
14,才能得!
15,EXCLUSIVE 
16,专访周慧敏
17,的先生
18,倪单身的最后
19,"访问,只给"
20,宋佳
21,《男人装》!
22,2009年第2期58期
23,"进入她的危险手术室,肯定心律不"
24,151672-8378
25,齐脉象异常
26,.com
27,2月号ruay200mm网络实名时尚网达S2838际标准刊号0157G国内统
28,人民币20元港币25元
0,男人
1,PLUS 
2,如何制造假食物
3,三昧真火做雕塑
4,三位环保美女大使
5,文筱芮唱烤鸡翅歌
6,FOR HIM MAGAZI 
7,我是传奇
8,才怪
9,真正没人的地球
10,世界会怎样运转
11,FASHION 
12,男人装骑士风范庄园生活
13,IT MAN >GOINGSPRING 
14,一直门外城市COWBOY 
15,品位制造> OFFICE战斗装
16,COVER GIRL 
17,REVIEWS 
18,风水界的柯南
19,命理界的吴宗宪
20,汤地
21,星相界的城市猎人
22,(其实以上是同一人)
23,首席民族歌姬的首次00
24,让你幸福何手
25,2009年期
26,1516728378
27,zazhipu .com
28,3月号Mah200际标015g/0国内统一刊号邮发
29,人民币20元港币5元
0,刘添月为你镜花裸月
1,田
2,绿色巨龙在出
3,融化的人(还是活的!
4,飞提走蜘蛛
5,为何鼻不能当胶水
6,FOR HIM MAGAZINE 
7,EATURE 
8,王人乐活法
9,人装》式的超LOHAS 
10,成谎速成班
11,"愚人,免打草稿!"
12,SHION 
13,人装时尚建筑化
14,MAN订制的秘密
15,直门外)绅士YES OR NO 
16,位制造风衣盎然时
17,孟广美
18,09年第4期第6期
19,1672-8378
20,"台湾制造,香港加持北京发光"
21,zazhipu .com
22,4/号200方网站mwwnet 167283(50国内统一刊号邮发代6
23,人民币20元港币元
0,男
1,FOR HIM MAGA 
2,周年了
3,从此我们和你
4,蛹退蝶呈时尚优先
5,读者参演
6,44P
7,200年
8,1672-87 
9,zazhipu 
10,时尚大片
11,5月号官
12,2标标准列号0150国内块
13,代
14,人民币20元币25元
0,男人
1,PLUS !
2,录保持国
3,到用时方恨少
4,譤访刘导伟强
5,FOR HIM MAG 
6,奇上海车展
7,男人装N1
8,IT MAN 时装电气化
9,品位制造牛仔超忙
10,要你好看植入肌肤
11,FEATURE FOR 6.1 
12,我们都是“三道杠”
13,"白底红条的“三道杠”,"
14,COVER GIRL 
15,跟随着几代人的童年记忆
16,"这帮当年跋启的家伙,"
17,现在都在干嘛?
18,老子的智慧
19,于娜
20,谨献给全天下的不肖子
21,"从身体到性灵,山谷流"
22,"歌唱的性感之作,二十几岁的说,"
23,2009年期62期
24,1N1672-8378
25,"“到我这个年纪,该谈谈精神了”"
26,zazhipu .com
27,6月号e200g官方网站SSN 167283国际标准刊号0国内统一号
28,人民币20元港币25元
0,男人
1,FOR HIM MAGAZ 
2,FEATURE 
3,比神农更神
4,"《男人装》搏命试百毒,教你"
5,"拈花惹草,玩五毒,也能全"
6,身而退
7,COVER GIRL 
8,钟丽缇
9,PLUS 
10,我拿茶几不当茶几
11,"初夏泳池,清凉园圃"
12,我上南极硫冰去
13,"时尚大片,经典回旋"
14,我是傻瓜相机控
15,今集准备面对不样的夏天!
16,黎歌男士业护
17,200年第期
18,16727
19,zazhipu .com
20,月号M2g官方网站.7e标准号51(国内一明邮发代号
21,人民币20元港币25
0,男也有的一面
1,男人节到了
2,古代意志来到时尚都市遭美女击会雷多久?
3,新版静像电影
4,时尚江湖
5,上集
6,zazhipu .com
0,FOR HIM 
1,超级坦克验
2,"定了一55吨重型坦克,"
3,产品抗
4,一个农场的死与生
5,大
6,和6次
7,囚徒公路
8,温岚
9,电臀人鱼
10,色电影的不谱欢
11,飞沫之外
12,穿越零度之旅
13,寻找迷雾中的同类
14,日差旅穿得暖不
15,zazhip . 
0,超级实验
1,我们搞定了一辆55吨
2,"重型克,测试产品"
3,社压性能
4,云京:先锋中
5,就会沧丧先铎
6,陈国坤
7,战争游戏
8,那个课谁
9,游戏高手杀入
10,头帮混出来的李小龙
11,现实战争…
12,兄弟们为和平干杯
13,一个农场的
14,奥巴马享着140万天
15,死与生
16,偶
17,本刊编辑深入
18,2010钱指南
19,中国首家生态农场
20,"历经7天,5次采"
21,24新年货
22,访
23,"古脸的钱,"
24,和6次稿
25,温岚
26,四社公路
27,黑色电影的不墓谱戏
28,穿越零度之
29,"冬日旅,穿得暖不肿"
30,电臀人鱼
31,飞沫之外
32,寻找迷雾中的同类
33,203年
34,n你子
35,6
36,人元
0,男人
1,6款新动力显露真身
2,只跨界典
3,跑鞋让你箭步如飞
4,78
5,FOR HIM 
6,9台数码新品以人为本
7,这些说世界语的人
8,瞧!这些说世界语的人
9,"你不懂英文,我不说汉语,那样称兄道弟!"
10,那个冲向地面的疯子
11,大胆儿费利克斯·鲍姆加特
12,纳从太空边缘人类历史上
13,最高跳伞纪录
14,干掉本拉登
15,"我们觉得,住这个大胡子"
16,其很容易
17,海清
18,软的猬女
19,小媳妇专业户的
20,性感处女作
21,七十
22,264
23,人2元港币25元
0,男
1,4瓶美酒好开又好喝
2,7台新车瞅准你腰包
3,9款数码新宠快速武装你
4,FOR HIM MA 
5,摆谱不如摆阵
6,"我们用古人的几种陈法P,告诉你"
7,的高招儿
8,安息乐
9,这有“现代头士之称的英国摇滚
10,乐从在15年后的今天终于寿终正寝
11,欲望
12,毛焰
13,零度下的封面拍摄!高烧的激情直行!
14,看小胡子的编
15,"高手,血液和颜料"
16,里都战斗着酒精
17,/
0,男
1,男性白皮书
2,"30年,我们用自己的"
3,"观点和视角,阐释中"
4,国男人全方位的生
5,活与消费观
6,FOR HIM MA 
7,FTATURES 
8,年度幽默精神大奖
9,出炉!
10,"往后翻,你会知道谁是本年"
11,度最有幽默感的人
12,看台战争
13,"我们潜入球赛现场,告"
14,诉你城市球迷间的情仇
15,与愤怒
16,张馨予
17,动物星球
18,+
19,3款好玩的后
20,6件防寒的户外行头
21,22瓶顶级佳酿过节不愁
22,冯女郎掉落外星球的异度肉搏
23,26个字母的环保装备手册
24,2000年12期0期
25,155N1672-837
26,12月号2010官方网站.1672-8378(国际标准刊号11-5197/0(国内统
27,5197(国内统一1
28,t .sinacom .cn/
0,本刊研究院
1,2
2,男人
3,女人为什么
4,爱尖叫
5,"找莎可网,不"
6,是研究可
7,70
8,FOR HIM MAGAZINE 
9,"下雪了,又看运"
10,"又下雪了,又春运了"
11,刘流伟:菩提老驾到!
12,"1500名留案客,12包"
13,他认为孙悟空其实是个
14,"方便面,1列大雪困"
15,"GY,坦白自己是"
16,住的春运列车
17,“分的
18,他们过了144个
19,小时
20,垃圾追
21,我们用GPS在
22,6天内跟踪
23,23件垃极
24,没想到跟出一
25,个惊天大秘密
26,甲方
27,昆汀塔伦蒂诺
28,"这次爆了更多的料,关"
29,iuMiu 
30,于怕老鼠、潜规则、在
31,片场发佩的故事。
32,新亮
33,七期
34,冯小的30秒尤物
35,外形零变化
36,变身设计师
37,"没你也需要整容,节食"
38,亲手剪裁自己的身体
39,坚持健身
40,出品
41,人元
0,男
1,冷
2,FOR HIM 
3,INE 
4,个击谁?
5,通2010
6,左小祖咒
7,词义构成法
8,2
9,你对策
10,我们的
11,以战斗的名义
12,哥不提供新
13,只闷头建造新秩序
14,"本刊第一部USPLAY 大片,当虚做战争遭遇真性感"
15,时光穿梭机
16,无名
17,静止的空间与
18,15167-7
19,错乱的内心对白
20,号
21,邮发号
0,3
1,男人
2,INCOMING GIRL 
3,志玲和冰冰
4,又来了
5,她们非要上
6,我们同意了
7,72
8,FOR HIM MAGAZINE 
9,裸脑时代将至
10,TEATURES 
11,裸脑时代将至
12,扫描你的头部就能知道那些最
13,龊的念头…
14,"医护兵,救命!"
15,男人装》在阿富汗和美军医疗队
16,王全安:双熊导演
17,一起搬死尸。
18,"金熊银熊两个奖杯不一样重,"
19,Google 在盯着你!
20,没法拿来锻炼身体。
21,"甭管Google 是否退出中国,它"
22,都将侵入并控制全世界人民的生
23,最应景的20P时装大片
24,活—包括你的。
25,房事
26,总第七十二期
27,秦岚!秦岚!
28,红暗房里的玻璃美人
29,8瓶威士忌好喝不贵
30,10件新款装备伴你出行
31,13个部件组装2款完美靓车
32,2010年期72期
33,時出品
34,1551672-7
35,乐
36,201官方网..1867-3(7/国内统一号)邮发代号:46-316人民币20元
37,人民币20元港币25元
0,男人装
1,FOR HIM MAGAZINE 
2,6
3,周年号
4,母性的女性
5,性的生
6,女权的女性
7,走过六年让我们重新审视女性
8,2010第973
9,tssn1672-8378
10,号21264下-510
11,zazhipu co
12,币25元
0,he
1,男人装
2,74
3,FOR MAGAZINE 
4,超世界手
5,《男人装》P韦迪
6,我们为上任伊始就招致一片骂声的
7,足协老大提供了一次辩白的机会
8,品
9,女持工出没
10,德国博街头型通令
11,+
12,七十
13,款威士忌独门秘笈
14,款色彩释人性格
15,秘密
16,10款郊装备带你女友去炫
17,辆首发新车狂飙新运动
18,颜丹晨
19,出
20,4
21,7217
22,"翻开内页你就会知道,我们不是标题觉"
23,长大
24,人2元
0,3
1,男人
2,75
3,FOR HIM MAGAZI 
4,世最后的大片
5,决赛决赛
0,MAGAZI 
1,关注男人
2,关注8.3国际男人节
3,国男人节
4,INTERNATIONAL 
5,时尚先生
6,MEN'SDAY 
7,Men'sHealth 男人装
8,010年期总76期
9,151672-8378
10,2010方利.81672-87(号-5197/00
11,zazhipu .com
12,港币25元
0,男
1,FOR HIM GAZINE 
2,"伤疤,子汉的勋章!"
3,"我们找来几位兄弟,为你呈现创伤记忆背后的故事"
4,实验非常道
5,"我们知道科技是魔鬼,尤其是在伦理失控的时候"
6,莫小奇
7,性感方程式
8,产区酒标辨识酒
9,5款新车绝对给面儿
10,"光合作用下,美艳如植物般茂密生长"
11,0款数码新品越玩越High
12,14件装备享受徒步快感
13,210年期总第7期
14,1677-37
15,1672-837
16,tsina com 
0,男人装
1,3瓶单一纯麦
2,爷们儿首选
3,5双防水户外鞋
4,不怵冰雪
5,FOR HIM MAGAZINE 
6,8款万元腕表
7,低调又招摇
8,IEATURES 
9,明星泡妞手册
10,"读懂了这10位明星的泡妞秘笈,"
11,你肯定就是下一位摧花高手
12,催肥训练营
13,"想一口吃成个胖子,我们以切身"
14,体验告诉你其实那并不容易
15,GIRL 
16,黄奕
17,阿富汗的地狱火
18,"男人装派出一位“怂人”,"
19,性感梦幻号巴士
20,与你分享战火中的恐惧
21,"穿越阴阳死生,横贯百态群族"
22,21年第1总期
23,11172-7
24,月号ary201官方网站.t11672-g7(国际标准号1-5197/(国内线一
0,有机当先
1,男人
2,场
3,任你样配
4,外装备啊才能
5,货
6,0 FOR HIM MAGAZINE 
7,他给你带来了什么
8,给你带来了什么独家新
9,独家新闻
10,我们访《太阳报》八卦专的主编
11,看他还有什么爆
12,这地方也能打广告
13,"和广售公司请注意,"
14,人装为你们找到了新路子
15,吧大拿
16,有好酒成为?
17,蔡康永
18,您还得以技
19,最会说话的人
20,这个男人没活在有秋
21,白界的
22,微盒大
23,江映蓉
24,的江湖快感
25,爱和自己的站
26,有了个新文身
27,移动城堡梦游记
28,总九士
29,荒野仙踪
30,人民币20元
31,市25元
32,尚出品
33,人装
34,weibo .com/
0,男人
1,款安卓手机对4
2,件滑雪装备
3,FOR HIM MAGAZIN 
4,众叛亲离
5,可塞·里尼奥的故事
6,5
7,大最酷网站
8,你最需要的这份榜单
9,卷土重来
10,汪峰
11,《终结者2》
12,诞生记
13,音乐拾荒者的
14,时值这部伟大电影上
15,AB面
16,映20周年《男人装
17,带你牛X的往事
18,位不拿废
19,当范儿的战士
20,COVERGR 
21,Bellucci 
22,野性难
23,莫妮卡贝鲁奇
24,美的极限
25,自亚平的美特的
26,@男人装
27,11月号Nowember 2011方网站1672-8378国标准刊号C11-5/(国内统一砖号邮发代号4-316
28,weibo .com/thm
0,男人
1,5瓶威士忌桶
2,9件数码新品实用至上
3,30件备单
4,92
5,当我晕倒时
6,MEIROSEXUAL 
7,⊙⊙
8,周云蓬
9,沉默如谜
10,一位诗人的游牧主义
11,FEPORTGRL 
12,付小芳
13,谁敢不用
14,杆收
15,兰考县出了个9军
16,中国货
17,内德的夹克都是中
18,当我晕倒时
19,男人装街头试验
20,当你真的是否有人相救
21,人民币20元
22,总第九十二期
23,币25元
24,COVERGRL 
25,蓝燕红人旅馆
26,時尚出品
27,3D女神遭神秘旅馆之夜
28,男人装
29,12号ww
30,weibo .com /fhm
0,FOR 
1,AGAZI 
2,城市英雄在行动
3,城市英雄
4,在行动
5,"穿人,鬼知"
6,道这城市是否需要
7,我这样的英雄
8,化极过个年
9,我们两位兄弟
10,"去了极,为"
11,COVER GIRL 
12,"完成任务,哪"
13,旅行
14,的罐头
15,个最不要命?
16,第八十二期時出
17,青春的暴走
18,《让子弹飞》
19,与喧哗
20,赵铭
21,这次我们
22,201年第22期
23,1551672-57
24,不谈胸
25,2月号7ry2官方网g22-2
26,t .sina.com.cn/
0,男人
1,200
2,FOR HIM 
3,IEATURES 
4,当代男人
5,大比拼
6,个当代优秀的男人到底什么样?
7,会扣篮?能挣钱?我们觉得这事儿
8,还得投票表决
9,"雌雄难分,真假好辨"
10,"这个月,我们要为广大消费者"
11,"维权,防火防盗防假货!"
12,4辆自行车
13,越骑越快乐
14,5瓶洋酒
15,阿朵
16,专家答疑解惑
17,6款腕表
18,保养常识很重要
19,款数码新品
20,新年大换装
21,我的A面B面
22,"眉骨受伤的她,"
23,恰好演绎人生大戏
24,21年
25,1551672-87
26,月号2011官方网站w .-et11672-837号01-515国内统一刊
27,3月号Mrch2011
28,.sinacom .cn/
0,男人装
1,FOR HIM MAGAZINE 
2,出埃及记
3,"别会,"
4,我们不是要谈(旧约中
5,"的摩西,只是,有位兄弟"
6,出埃及
7,男人这辈子
8,要花多少钱
9,款数码新品
10,虽然一英能换
11,"十人民币,"
12,只镜头
13,但我们活在这里依旧不
14,款腕表
15,5个户外大牌
16,我们捐精了
17,这我们做实干家
18,暴龙
19,狐狸未成年
20,0日年第4期4期
21,杨幂
22,11672378
23,春天的洛丽塔乘方
24,zazhipu .com
25,n号201官方网
26,人民币20元港币25元
0,男
1,FOR HIM 
2,16
3,城市综合症
4,也许你已不幸罹患
5,COVER 
6,流动的盛艳
7,"时装周秀场,"
8,",一份丰盛的后台模特笔记"
9,周年
10,2011年5期5期
11,11672-878
12,zazhipu .com
13,a国际标准号-517/0(国内统一号发代号:46-6
14,港币25元
0,男人
1,来啦!
2,苍井空
3,86
4,FOR HIM MAGAZIN 
5,P大片新鲜出炉
6,还有她给《男人装》的亲笔信
7,我是你爸爸
8,七
9,款数码新品痛扁无聊时光
10,瓶甜酒俘获姑娘芳心
11,块正装腕表简单利落
12,24台新车热翻车展
13,最凶残的人
14,我们和杀人恶魔握了手
15,甲方乙方
16,广电总局
17,FEATURES 
18,审片员
19,我是你爸爸
20,品
21,中国电影为什么
22,没有分级制度他来告诉你
23,韩寒、冯唐、曹云金
24,个儿子和他们的父亲
25,“看不见”的拳师
26,"江湖已逝,武林高手安在"
27,总第八十六期
28,林赛罗韩
29,Lindsay Lohan 
30,時出品
31,2011年车期第6期
32,1531672-837
33,名利场上的摸金女郎
34,方网hg-7(m标准刊号)1-57/(国内端一号邮发代号:45/FT
0,10个烧钱运动先动起来
1,男人
2,9新新数码克身技术朋克
3,7辆新车登场
4,4瓶威士忌的奥秘
5,87
6,FOR HIM MAGAZINE 
7,野性对抗
8,野性对抗
9,中国第一支
10,英式橄榄球队
11,移民去个
12,小国家!
13,拎上包就能走
14,海滩遗F
15,我们邀请你
16,一起破案
17,甲方乙方
18,任达华
19,杀个《回马枪》
20,总第八十七期
21,!粉红派对!
22,時尚出品
23,2011年期
24,诺基N与性感美写
25,@男人装
26,-标国内一刊号发代号
27,.
0,2Nm
1,男人装
2,当个海盗容易吗
3,"电影包悠了,"
4,现实远比它们
5,战场废物
6,我们搜集了近代战争史上
7,88
8,FOR HIM 
9,"象力的武发明,"
10,可大多中
11,花与虫的高压仙境
12,总第八十八
13,男人节大片
14,尚
15,201年期总第期
16,時出品
17,1672-837
18,花与虫的高压仙境
19,男人装
20,号A2011官方网
21,wei千
0,5瓶威士录
1,10件装备玩人
2,君人
3,15样数码件
4,流氓们
5,我是警察!
6,我们带你进入到一场英甲球赛中
7,察在忙什么
8,终极致命格斗
9,"他们没玩命,但离死亡最近"
10,张家辉
11,个演员的自我修养
12,"7次的他,说这感觉"
13,就像第一次拉了女友的手
14,人民币20
15,市25元
16,COVERGR 
17,小鹿乱撞
18,李小璐
19,zazhipu .com
20,1672-8378国际标准刊号)n11-5197g(国内统一刊号)邮发代号46-316
0,员2N
1,102
2,FOR HIM MAGA 
3,蛋
4,∞Nz
5,常
6,FEATURES 
7,末日之爱
8,漫画特辑
9,绝境逢生
10,我教你
11,最实用的野外生存技能
12,总第一百零二期
13,時尚出品
14,范冰男人装xMika Ninagawa 
15,@男人装
16,weibo .com /fhm
0,高性电个性S空
1,表闪7瓶美酒柔活尖
2,32需
3,男人
4,13
5,FOR HIM MAGAZILI 
6,FEATURES 
7,情用品年
8,家里来了个
9,FEATUPES 
10,沙发客
11,中国式性感
12,他们需要的可不是一张床
13,和洗澡水那么简单
14,上下五年
15,性感女神的标准始终在变
16,林宥嘉
17,我真的吃
18,NN
19,6日2页
20,二可
21,人装hoe版
22,总第一百三期
23,COVERGR 
24,時尚出品
25,5
26,刘诗诗
27,子弹的情人
28,weibo .com/fhm
0,辆车
1,全年
2,款最新物闪
3,闪年
4,男人
5,表量身
6,HIM MAGAZ 
7,吉克隽逸
8,FEATURES 
9,音速成名ONLY GIRL 
10,摇滚路上
11,两个人
12,何勇与汪峰
13,把它写进
14,你的遗嘱!
15,"或许,你的魔兽账号"
16,也能被子孙继承
17,gege
18,高群书
19,无烟酒不江湖
20,男人装》大调查
21,这个爱刷博的导演说他交朋友就
22,zazhipu .
23,"干两件事,喝一次酒,打一次麻将"
0,甲人
1,FOR HIM MAGAZINE 
2,FEATURES 
3,别以为你懂姑娘的心
4,你所了解的女人的全部其实都是错的
5,居然不犯法!
6,有些家伙就喜欢法律的空子
7,9000
8,2012寻人启事
9,5位艺术家的大实话
10,Tiguan 
11,本期特制大片
12,2012窃梦巡航
13,月号Febnuary 2012g方站www .ISSN 1672-37(国际标准刊号)11-5197g内统一刊
14,5g内统号)邮代号46-3
15,welbo ./
0,男人装
1,七
2,认识
3,新点
4,备户备
5,3龙年
6,95
7,FOR MAGAZINE 
8,危险关系
9,战争女神
10,&
11,"当兵打仗,性姑才是第一动力"
12,余文乐
13,春娇与我
14,危险关系
15,归途列车》、《算命》、《在一起》
16,《男人装》独家采访三对纪录片的导和主人公
17,恐怖老文青
18,拉登卡扎菲
19,他们都有一骚的心
20,帕斯希尔顿
21,Paris Hilton 
22,当梦想
23,总第九十五
24,实家还是派对动物?
25,百万女郎
26,这位姑娘两不耽误
27,2012年期总
28,5172-57
29,出品
30,男装
31,46-316
32,weibo ./
0,男人
1,4款车热
2,3码购物欲大
3,件外
4,FOR HIM MAGA 
5,REATURES 
6,人民
7,问人民
8,和世界人民
9,当对质
10,林夕
11,句话:我不是
12,你们想象中的我
13,叶璇
14,性感制片人
15,进《宫》
16,袁姗
17,"晴川之后,怜儿来了!"
18,4月号A202162-38a号)Cn1-5内
19,内号代号36
20,.
0,男人装
1,FOR HIM MAGAZIN 
2,人民币20元
3,周年纪念号
4,港币25元
5,天体狂想曲
6,www .标)11-5197(内统一刊号)邮代号:46-316
0,男人
1,0瓶啤酒
2,15件东户外顶装备
3,16辆车展必看豪车
4,FOR HIM MAGAZINE 
5,FEATURES 
6,FEATURES 
7,欧洲不
8,与总统
9,共舞
10,13P血力作
11,她替他检查身体
12,观战无尿点
13,他当下子弹
14,METROSEXUAI 
15,他和他爹
16,2012版
17,黄秋生
18,朗朗、丁俊晖、张扬、王学兵
19,越轨是我的特权
20,谁没几句心里话?
21,COVER 
22,姚笛
23,人民币20元
24,港币25元
25,淡彩之秘
26,编
27,日
28,zazhipu .com
29,山20
30,国内统一刊号)代号-3
0,辆爽出
1,男
2,9枚表玩浪亲
3,1件数奥必
4,FOR 
5,AGAZI 
6,FEATURES 
7,MOLSION 
8,粗口进化论
9,我们急了为什么要娘
10,QUOTE UNQUOTE 
11,超
12,杨福东
13,短期培训班
14,第感觉
15,只有肌肉不是我们的追求
16,INCOMING GIRL 
17,于咏琳
18,干掉怒汉!
19,我的丝袜里没有秋裤
20,脾气大可不是优点
21,《男人装》这就给你去火
22,Time 
23,金莎RCUS
24,人民币20元
25,港币25元
26,时光马戏团
27,"的,N"
28,zazhipu .co
29,7月号202官方网站SSN 672-837(标准号1-57(国内线刊号)邮发代号6-316
0,男人
1,FOR HIM MAGAZIN 
2,Parade 
3,男人装100期时尚大
4,zazhipu .com
0,款新车本刊身试驾
1,男人
2,7台极本薄出名堂
3,表迎接后奥动时刻
4,水与酒搭配有讲究
5,FOR HJM MAGAZI 
6,美女
7,FEATURES 
8,冒牌货!
9,百鬼录
10,METROSEXUAL 
11,(下
12,"没错,买了这期杂志"
13,您才能凑齐100个
14,中国最著名的鬼
15,人肉炸弹
16,全面升级
17,以为拉登死了
18,扫二码可下载
19,这世界就安生
20,ROSIE 
21,HUNTINGTON 
22,FEATURES 
23,Jeep 
24,2012实用
25,进口全境界豪华SUV
26,全新Jeep大切诺基
27,王石的下午茶
28,.com
29,角你的经历定义自己
0,贴心好车总结盘点件冬季装备
1,君人
2,电影设备年开机
3,FOR HIM MAGAZIN 
4,FEATURES 
5,《男人装》
6,百大APP
7,榜单!
8,100个最好玩的APP
9,QUOTE UNQUOTE 
10,测谎专家
11,心里有来的我
12,FEATUR6S 
13,一毛钱
14,不带就上路!
15,这家伙怎么做到的?
16,N9
17,新007
18,邦女郎
19,BOND GIRL 
20,BERET 洛
0,FOR HIM MAGAZINE 
1,INCOMING 
2,艾菲
3,金声带
4,FEATURES 
5,怎么玩老板
6,嘘一般人我们都不告诉他
7,2013年第10期总第114期
8,Iss1672-8378
9,回
10,zazhipu .com
0,男人
1,FOR HIM MAGAZIN 
2,5件牙音频无
3,QUOT &UNQUOTE 
4,人民问人民
5,高虎
6,你能想到的我们都问了
7,痛苦的采访
8,选男人
9,该死的
10,定要亮灯!
11,心灵鸡汤!
12,都是假的
13,人装Phone 
14,张子萱
15,COVE 
16,回
17,全曝光的旅行
18,n
19,9
20,1664
21,Kronenbourg + 
22,BLANC 
23,克:设计
24,限量版将推出
25,1664白啤
0,5款手机测5瓶暖胃之
1,男
2,8车更新换代10款概新品闪
3,1664
4,FOR HIM 
5,BLANC 
6,104白啤
7,限量版即将
8,FEATURES 
9,FEATURES 
10,我们
11,不玩你就死定了
12,"通关这几款游戏,你比史泰龙还牛"
13,酿啤酒了!
14,COVER 
15,好喝到吐
16,证人在此
17,张俪!
18,那颗地雷
19,蕾丝平安夜
20,差点炸飞我!
21,Lace 
22,9mas 
23,外籍军团的天津小伙儿
24,Eve 
25,甲方乙方
26,林家栋
27,我恨我自己
28,男人装iPhone 版
29,誉8
30,zazhipu .c
31,人20
32,0币25元2
33,标准
34,11-517内号)邮发代号46-31
0,车春
1,件平板新硬气年
2,男人
3,校时区表地
4,款水调装备深
5,FOR HIM MAGAZINE 
6,FEATURES 
7,你约过
8,陌生人吗?
9,安实西路9
10,手机APP交友
11,万人大调查
12,《男人装》
13,百大烈酒
14,肖恩怀特
15,我没有超人食!
16,推荐!
17,最好喝的酒精饮料
18,段奕宏
19,性格与命运互为因果
20,宁静
21,2
22,z
23,危险触碰
24,zazhipu .com
25,人民币20元币25元
0,饮新车狂特律
1,件护体装备亏染
2,男大
3,款最物点
4,FOR HIM MAG 
5,FEATURES 
6,十8Q学
7,FEATURES 
8,5
9,《男人装》
10,大酒鬼!
11,全球租车指南
12,历史上的酒腻子
13,带着姑娘上车就走
14,不见比你竭
15,搞定母老虎!
16,其实是让你的家庭更和经
17,QUOTE UNQUOTE 
18,8N:3
19,黄西
20,悲剧惊是喜剧
21,二码可下载
22,男人装hone
23,马
24,回回
25,-4
26,海的曲线
27,NN9z
28,.c
0,9牛车全球捕
1,件新装备随
2,N
3,男人
4,108
5,FOR HIM MAGA 
6,FEATURES 
7,《男人装》
8,幽默精神大奖!
9,新鲜出炉
10,男人装幽默精神大奖
11,8Q2:6
12,战争的福利
13,杀人不反而造福你我他
14,杀死队友!
15,赛场上格时外的家伙
16,回
17,总第百零八期
18,人装
19,CHRISSIE CHAU 
20,玲珑之味
21,時商出品
22,e
23,周秀娜
24,weibo .com/fhm
0,男人装
1,周年纪念号亏
2,FOR HIM MAGAZINE 
3,品
4,潮流重塑天马行空
5,6p特制大片
6,迷路的狮
7,飞翔的羔羊
8,zazhipu .com
0,款忌硬又最爱
1,锅亲民豪车扎堆户上
2,人
3,件用数码与子乐
4,FOR HIM MAGAZINE 
5,安柔8
6,EATUILES 
7,北上广机场
8,啤酒混蛋
9,实用指南
10,两个自酿啤酒的家伙
11,麻烦
12,眼前的机场还有很多你没去过的地方
13,大解救
14,"除了我们,"
15,没人教你怎么处理
16,无敌破坏!
17,这些破事!
18,下
19,回回
20,人体天鹅绒
21,万提斯
22,减
23,N9z
24,我们到美国就为了一这位舞娘的真面貌
0,SUN功能齐备款葡萄酒天新享受
1,满物0个电子新爽玩一夏
2,FOR HIM MAGAZINE 
3,历史高级黑
4,FEATURES 
5,遭人唾弃历史小人
6,其实都很
7,男人消夏
8,手册
9,照我们说的做
10,你的这个夏天才没白过
11,Wrangler 牧马人
12,i1周年限
13,猎梦骑士
14,Rubicon 
15,"开这本杂志,依旧能闻到荷尔蒙的味道"
16,票e
17,2013年第7期第111期
18,N1672-8378
0,3Rm
1,男人装
2,七
3,4枚跨界码表计时
4,7辆传奇老爷车穿代
5,8件电子新品紧
6,8款梦幻车匙炫开眼
7,2 FOR HIM MA 
8,112
9,透人睡历
10,老兵故事
11,FEATURES 
12,老兵故事
13,说句心里话
14,INCOMING 
15,南笙
16,COVER 
17,85
18,喜欢让我害羞的人
19,范冰冰
20,光棍
21,乐活指南
22,第一百一十二期
23,秘隐派对
24,没女友你也过得很舒坦
25,8.3男人节的一夜惊喜
26,2013年第8期总第112期
27,20
28,issN1672-8378
29,回
30,男人装
31,TRENDS 
32,時出品
33,回
34,品
35,ANNIVERSARY 
36,中国时尚二十年
37,新浪娱
0,消自驾6
1,兑水有究
2,6瓶邑兑水
3,男
4,消夏利
5,件水码夏元
6,FOR HIM MAGAZINE 
7,二下载
8,回
9,人装
10,FEATURES 
11,早
12,恋的故事
13,的Nz的
14,总有一款就是你的经历
15,OF BROTHER 
16,日本黑帮
17,史航
18,带枪的超级公司
19,独孤求踹
20,为匪帮实为小政府
21,毒舌的底子他从小就有
22,航班可答
23,14个你可能还不知道的问题
24,余男
25,野临界点
26,INCOMING 
27,OF THE WILD 
28,她们最能喝
29,身体对抗的学问
30,史上最著名的女酒鬼
31,Kremenboury 
32,WHEAT BEER 
33,1664
34,A 
35,064
36,BLANC 
37,BLANC 
38,享誉全球的法国小麦啤酒
39,zazhipu .com
40,1664白啤
0,王32需m
1,男人
2,8件潮物寒冬取
3,10款概念玩意设计当道
4,2辆新车亮相车展
5,17
6,NE 
7,王干源
8,比特币
9,我这叫年轻有为
10,城市排外大调查
11,疯了!
12,21
13,心脏不好的别看
14,人人都是
15,城市排外
16,艺术家
17,大调查!
18,聂远、大鹏、邹兆龙
19,早晚要面对的真相
20,N+9
21,COVER 
22,深夜
23,古人怎么办
24,"养老,相亲,奶孩子"
25,人
26,总第一百一十七期
27,游
28,聚
29,四MN9z
30,時出品
31,20元港币25元
32,1月号Jan2014官方网站e.com ISSN 1672-8378(国际标准刊号)CN11-5197/(国内统-
33,@男人装
34,weibo .com/fhm
0,39RN
1,男人
2,7款新车我装亲自把玩
3,8件入秋新开
4,2014年度跑鞋
5,126
6,FOR HIM MAGZ 
7,支平民球队的传奇逆袭
8,没钱
9,老子活得也挺好
10,我们编辑亲身体验了3天
11,樊玲
12,中国好乳神
13,世界杯热潮冷却
14,N
15,樊玲已经创业
16,COVER GIRL 
17,吉克隽逸
18,总第一百十六期
19,蕾丝迷狂夜
20,時尚出品
21,人民币20元港币25元
22,10月号20
0,男人装
1,17
2,FOR HIM MAGAZINE 
3,我是保
4,网购坦克指南!
5,我们和刚从网上买了一辆
6,坦克的小伙子聊了聊
7,专门S
8,国产动漫的大神
9,他们连葫芦娃都没有放过
10,N二
11,件
12,三七期
13,COVER GIRL 
14,沙洲谜影
15,探秘沙与城的边界
16,時出
17,装女郎&歌诗图
0,君人
1,6辆传承车好车不怕
2,件物
3,12款酒不怕入冬
4,FOR HIM MACZINE 
5,中超大八卦!
6,中国足球比你
7,想象中更无厘头
8,俄罗斯少女朝鲜游记!
9,15岁姑娘来自
10,平壤的报道
11,小棋:潮汐入梦
12,我们爱这个姑娘
13,所以带她去了海边
14,人民币20元25元12月号Dm2014官方网站SN 1672-837(国标准刊号1-51国内统一刊号)邮发代号46-316
0,男人
1,3车速案
2,8款开年不无聊
3,9人
4,FOR HIM MAGAZINE 
5,你还是个
6,世界的
7,男人吗?
8,背面!
9,总有新发现
10,做完这个调查就知道了
11,COVER GIRL 
12,姚星
13,曲线变奏曲
14,男人Phonel 
15,最牛
16,男人装
17,脱身手册!
18,不想陪老婆逛街的必看
19,人民币20元币25元
20,2月号Fb2014官方网站
0,男人装
1,FOR HIM MAGAZINE 
2,云上的女孩
3,36P群星大片
4,科学控镭射新潮流
5,未之器
6,艺和团蒸朋克颂
7,本人
8,二可
9,ESSENTIAL 
10,3驾好车雷达实测
11,8款脉动潮物
12,10件概念玩意
13,zazhipu .com
14,币20元港
15,港币25元
16,Mr2014官方网站www .1672-8378(国际标准刊号C11-5197(国内统一刊号)邮发代号46-3
0,需
1,人
2,3车
3,产
4,8款玩
5,体验
6,10
7,FOR HIM MAGAZU 
8,9件
9,不无
10,雾霾综合症
11,做个问卷再呼吸
12,民国名人还活着
13,BIG 
14,PRYA 
15,男人装
16,COVER GIRL 
17,幽默精神
18,N+
19,柳岩!
20,大奖!
21,滚烫出炉
22,猫之欲出
23,总第百二十期
24,民国名人
25,还活着!
26,m≈z
27,"胡适,张爱玲"
28,時尚出品
29,@男人装
30,人民市20元市25元
31,4号A2014官方网站
32,672-837国际标准号C11-
33,国内统
34,weibo .com/thm
0,FOR MAGAZINE 
1,重口味
2,人
3,变
4,10
5,男人装
6,冰
7,+ 
0,男人
1,5货解决不用
2,6物败家有由
3,0车尖车
4,FOR HIM MAGAZI 
5,陈晓卿
6,通往舌尖之路
7,咱要玩坏
8,世界杯!
9,《男人装》对国足错过
10,世界杯很不忿
11,COVER GIRL 
12,姗姗
13,柔韧的限度
14,男人装
15,我们都是被骗大的!
16,戳穿你童年听到的惊人谎言
17,男人装
18,人民币20元
19,币25元
20,月号Jun2014官方网站
21,tN1672-8378国际标准刊号CN15197G(国内统一刊号邮发代号316
22,weibo .com/
0,3日房车体验外吐
1,7车外快杀手
2,FOR HIM MAGAZIN 
3,干掉马布里
4,硬汉之间的真正PK
5,给你一颗
6,搞死恶犬!
7,教你几招必杀技
8,后悔药
9,"跳楼,自宫…"
10,我们都替你力挽狂澜
11,☆
12,40
13,游戏让你
14,狂飙肾上腺素
15,"就算女友跑了,这些游戏也你通关到底"
16,下
17,COVERGIRL 
18,人
19,薇
20,逃离上帝之城!
21,装
22,人民20元币25元
23,7月号y2014官方网站
24,is167-7国际标准号1-519(国内议一刊号下代号1
25,weibo .com/thm
0,男人装
1,7辆另类新车狂夏日公路
2,款够物高温来袭
3,9件防水数码大妈验货
4,FOR HIM MAG /
5,男人节
6,福利真TM来了
7,不给男工友放假的老板
8,都在耍流氓!
9,男装十年
10,恩怨情仇录!
11,新老编辑说起来
12,那都是尿中带泪
13,扫描二维码即可下载
14,COVER GIRL 
15,狂野永动机
16,英菲尼迪ESQ的怪兽审判
17,N
18,人民币20元港币25元8月号Ag2014官方网站w
19,weib6 
0,男
1,件顶级玩
2,FOR HIM M 
3,晒垃圾
4,大比拼
5,COVER GIRL 
6,三男一女
7,攒了五天的垃圾这真是
8,一次恶心又严肃的壮举
9,陈乔恩!
10,猫出没注意
11,首次手机拍摄封面
12,装
13,人民币20元港币25元9月号2014官方网站www ..com1672-837(国际标准刊号11-5197国内统刊号邮发代号-316
14,Nelbo .com /thm
0,3款智能手环
1,JANUARY 2015 
2,No.129
3,男人装》
4,开年钜献
5,游删
6,112P
7,静像电影
8,重新定义性
9,"真防弹,不扯淡!"
10,枪击评测我们真的干
11,世界末日又来了!
12,8
13,我们教你如何干掉
14,僵户外星人
15,扫描二维码即可下载
16,男人装PHONE 版
17,总第一百二干九期
18,COVER GIRL 
19,時尚出品
20,天鹅绒之爱
21,noNz
22,人民币20元港币25元1月号JANUARY 2015官方网站WWWENRZCOM ISSN 1672-8378(国际标准刊号)CN11-5197/G(国内统刊号)邮发代号:46-31
0,人
1,辆新车
2,长假出行好搭档
3,新鲜数码
4,入秋围货
5,件机上用品
6,飞行不无聊
7,FOR HIM MAGAZINE 
8,霸道皇上
9,不面很传奇
10,爱美男
11,和现在不同
12,掰弯古有之
13,艺复兴那会儿的欧洲男人
14,是很乐于炫耀胯下的
15,干濉
16,晒出你的文身
17,我装征集了
18,批很牛的文身男女
19,2
20,8言
21,二
22,COVER GIRL 
23,总第一百三十八期
24,9
25,伊一沈梦辰
26,腾尚出品
27,闺蜜的温度
28,0月号OCTOBER 2015官方网站WWWZCOM 1672-8378国际标准刊
0,男人
1,套游戏神器
2,远离光棍节纷扰
3,辆自驾好车
4,年假不浪费
5,款界数码
6,入冬备货精选
7,FOR HIM 
8,性骚扰
9,左小青
10,麻霸汁
11,起底
12,熟女比玉女
13,大调查!
14,更有味道
15,不管公母
16,摸和被摸都是个问题
17,有疤的姑娘
18,都传奇!
19,她们的故事更肉疼
20,8
21,NOV .2015
22,NOX139 
23,扫二
24,人装PHO
25,COVER GIRL 
26,品第百三十九期
27,装女郎
28,時尚出品
29,云的南方
30,99z
31,人民币20元币25元1
0,5步教你换备胎
1,?N
2,人
3,野外爆胎不求人
4,7件最潮数码货
5,钱包瘪了不赖我
6,8辆新车
7,年底抖骚加满油
8,FOR HIM MAGAZINE 
9,戏子异闻录
10,王笛
11,擒获一只软妹子!
12,"演员成名之前拍的,"
13,可不都是毛片!
14,抑画
15,去死吧
16,蟑螂!
17,我装手把手教你
18,怎么调戏并弄死它们…
19,轮胎实用手册
20,老司机都不会
21,12
22,告诉你的干货
23,8
24,DEC.2015
25,N.140
26,扫描二维码即可下载
27,COVER GIRL 
28,男人装IPHONE 版
29,的
30,总第一百四十期
31,西部记
32,時尚出品
33,98
34,Nn°Nz
35,拉斯维加斯
36,纵横邦世界之旅
37,人民币20元
38,港币25元
39,25元12月号DECEMBER 2015官方网站WWW.enr.COM ISSN 1672-8378(国际标准刊号)cn11-5197/go(国内统刊号)邮发-316士
40,男人
0,男
1,装
2,春拼酒不拼车
3,8物
4,带火一年
5,FOR HIM MAGAZIN 
6,12招
7,02
8,搞定熊孩子!
9,FEBRUARY 2015 
10,o.130
11,安度春节有妙招
12,我们不是脑残粉!
13,4位非典型粉丝的独白
14,春运必须睡回家
15,招让你爽到飚
16,张蓝心
17,COVER GIRL 
18,身动心动
0,款日本威士
1,日产必属精
2,件爆款潮物
3,年后败家好帮手
4,3辆新车
5,朋友圈刷屏利器
6,OR HIM MAGAZI 
7,03
8,MARCH2015 
9,房囧
10,N.31
11,这是一个悲伤的
12,人装
13,"事,所有看完的人"
14,都笑哭了!
15,送
16,中国异形
17,IPHONE 
18,PLUS 
19,类的惨烈进化即
20,将到来
21,10台Pus等你抽
22,仅北京&上海读者
23,贾青
24,日二下载
25,COVER GIRL 
26,蝎女的诱惑
27,zazhipu .c
28,人民币20元港币25元
29,币25元3月号MCh2015官方网站1672-78(国号11-5197/国刊号)邮发代号:46-316
0,辆灭神车
1,男人
2,开门北京关门北
3,辆新车
4,抖等
5,9件
6,花开
7,FOR HIM MAGAZINE 
8,o.132
9,出租大叔!
10,我们推出最人性的
11,"服务,陪姑娘吃"
12,"陪姑娘聊,陪"
13,杀死网瘾!
14,明星都去戒毒了
15,我们只能去戒网瘾
16,JESSICAC 
17,鸦未深
18,4号
19,om号n1-o邮号:48-31
0,司机
1,男人
2,最的
3,件潮码
4,春天儿
5,8辆新车
6,横空出世
7,FOR HIM MAGAZINE 
8,歪门邪道挣大钱!
9,这里有一些丧心病狂的
10,创业项目
11,i
12,教练
13,汁
14,你好变态!
15,队员们都被
16,活活玩死了
17,88
18,05
19,MAY 2015 
20,N.133
21,COVER GIRL 
22,三士
23,李冰冰
24,冰的凝视
25,時出
26,人20元币25元号
27,元号201woo7-0(号c-g7o国号
0,男人装
1,想买直接扫
2,辆新车
3,没有车模你啥
4,件设计玩意
5,摆酷好货别错过
6,FOR HIM MAGAZINE 
7,8
8,COVER GIRL 
9,SNH48 
10,第一百干国期
11,少女丛书
12,06
13,時出品
14,JUNE2015 
15,N0.134
16,8
0,8辆高颜值新车
1,男人装
2,外观控福利
3,款最新
4,败家有理
5,1件设计新宠
6,挑战你的想象力
7,FOR HIM MAGAZINE 
8,07
9,JULY 2015 
10,N0.135
11,二码即下载
12,New Audi TT 
13,COVER GIRL 
14,时光切片
15,人民币20元港币25元7月号jy2015官方网站W.com1672-8378(国标准刊号CM11-5197/(国内统一
16,代号:46-316
0,男人
1,种出行新招
2,硬汉怎么选
3,件顶尖潮物
4,酷劲十足
5,14款概念神器
6,解馋先睹
7,FOR HIM MAGAZINE 
8,刘晓庆
9,致命吸引力
10,最奇葩的性启蒙!
11,麻
12,说!小时候你们都是
13,看什么书学坏的
14,女足姑娘的
15,写真之旅
16,我们带她们到海边
17,08
18,拍了组性感照
19,8
20,AUGUST 2015 
21,N.136
22,男人装PHONE 版
23,总第一百三六期
24,NMINN-z0
25,時尚出品
26,民币20元港
27,8月号AUGUST 2015官方网站WWW.enrz.COM ISSN 1672-8378(国际标准刊号)CN11-5197/G(国内统刊号邮
0,件潮物
1,男人装
2,钱包瘦身好理由
3,7辆新车
4,海边兜风说走就走
5,FOR HIM MAGAZINE 
6,88
7,SEP 2015 
8,.13
9,日下载
10,男人装ON
11,回
12,第二百三十七期
13,N9z
14,時尚出品
15,20元港币25元9月号SEPTEMBER 2015官方网站WWW.e.COM ISSN 1672-8378(国标准ci7
16,国内统一刊号男装
0,男人
1,件新鲜电子玩意
2,攒钱不如攒好货
3,款温泉装B神器
4,辆新车
5,年初兜风任你耍
6,画世
7,0
8,8
9,AN.2016
10,N.141
11,扫描二维码即可下载
12,COVER GIRL 
13,第一百四十一期時尚出品
14,寸编98
15,MNNz
16,SNH48 
17,的香古堡
18,1月号JANUARY 2016官方网站WWWENRZCOM ISSN 1672-8378(国际标准刊号)11-5197/G(国内统一刊号】邮3
0,5z
1,R!N
2,梵
3,66P
4,超级震撼影像:爱情生物链
5,10
6,.2016
7,N0.150
8,号2016官方网站WWW.enr.COM ISSN 1672-8378(国际标准刊号)CN11-5197/G0(国内统一刊号邮发代号:46-316
0,10
1,种户外常识
2,关时刻救你命
3,野车
4,了了坦克谁也不
5,件最物
6,初冬玩不停
7,郭德纲
8,这次他和我们
9,聊了聊得瑟
10,代驾人生
11,城市不民夜里的那些故事
12,COVER GIRL 
13,nov.2016
14,N.151
15,陈漫
16,淬火自拍
17,N1672-8
18,蒋劲夫/阮经天
19,人民币20元港币25元11月号NOVEMGER 2016官方网站WWW .SSN 1672-8378(国际标准刊号】CN1
20,男装
0,款数码好货
1,完胜硬仗
2,款最新潮物
3,年底大手笔
4,款新车
5,冬季兜风好选择
6,款啤酒鸡尾酒
7,年派对嗨起来
8,直播时代
9,人装》年度特
10,性感盛宴
11,12
12,dE.2016
13,N.152
14,50
15,大
16,美女主播盘点
17,N°zH
18,e
19,人民币20元港币25元12月号DECEMBER 2016官方网站WWW ..COM ISSN 1672-8378
20,号c11-5197/g国内统一刊号邮发代号:46-316
0,男人装
1,件新年新品
2,钱包不
3,你汽车烂装
4,6新车
5,春节驾好择
6,网
7,02
8,FEB.2016
9,N0.142
10,88
11,COVER 
12,新
13,新华网
14,道
15,缪斯
16,5
17,2216网站7-春内一
18,4
0,男人
1,款潮物
2,新春好心情
3,款雪地装备
4,碾平雪山过足瘾
5,辆新车
6,开年兜风有理由
7,小三儿劝退记
8,"没错,这是一门很红火的生意"
9,如何科学地
10,作死自己
11,有胆无识说的就是你
12,你落户北京的
13,可能性为零?
14,冷静我装替你算了笔账
15,88
16,03
17,MAR .2016 
18,N.143
19,扫二可下载
20,男人装线上产昌
21,COVER GIRL 
22,总第一百四三期
23,王子文
24,時尚出品
25,8&
26,的N
27,退之
28,民币20元
29,巷币25元
30,3月号mach2016官方网站WWW .ISSN 1672-8378【国际标准刊号】CN11-5197/【国内统一刊号】邮发代号:46-316
0,款潮物
1,开春郊游好选择
2,7种尾箱解决方案
3,装妞装狗随便你走
4,8辆新车
5,姑娘兜风正当时
6,催情偏方
7,有卵用!
8,我装编辑亲自评测
9,直击
10,残酷电影
11,真相
12,揭底19部
13,改编自真实事件的电影
14,04
15,APR 2016 
16,N.144
17,扫二维码可下载
18,COVER GIRL 
19,颜丹晨
20,子9
21,Nz
22,情如炭火
23,莎士比亚冷却
24,币20元港币25
25,ssn1672-8378(国际标准刊号n11-5197/(国内统一刊号】邮发代号:46-316
0,男人
1,2件野路子发明
2,歪打正着改变世界
3,款潮物
4,解救无聊小长假
5,辆新车
6,春季撒野能手
7,最奇葩
8,问倒
9,你们敢问
10,他们就敢回答
11,COVER GIRL 
12,张天爱
13,赤色搏击
14,05
15,AY2016
16,N.145
17,12
18,二维码可下载
19,男人装线上产品
20,回
21,I R 
22,广告里的
23,那些老外
24,到底什么鬼?
25,Nz
26,三爷
27,我们替你一探究竟
28,港币25元5月号maY2016官方网站WW.nr.COM ISSN 1672-8378(国际标准刊号n11-5197/go国内统一刊号邮发代号:46-316
0,男人装
1,12
2,款神设计
3,填满脑洞
4,3款潮物
5,初夏爽玩
6,18辆新车
7,抢滩北京车展
8,榜
9,眼
10,日本昭和
11,漫画特辑!
12,资深漫友的
13,初夏福利
14,m计誉瀚画
15,06
16,JUN.2016
17,N.146
18,n9
19,N
20,998
21,COVER GIRL 
22,总第百四十六期時出品
23,张钧甯
24,清风凝动
25,尼泊尔的乘风之旅
26,人民币20元港币2
27,港币25元6月号jUne2016官方网站.COM ISSN 1672-8378(国际标准刊号)11-5197/o(国内统一刊号邮6-1
0,男人装
1,辆敞篷好车拉风夏日
2,件潮流新品暑期可劲造
3,款概念好货品位抖骚
4,07
5,JU.2016
6,N.147
7,CH 
8,OSCHINO 
9,oez
10,玩死
11,啤酒
12,今年夏天的
13,这么干就够
14,COVER GIRL 
15,維
16,G可可
17,那些
18,少女的甜品季
19,对虐待成瘾的人
20,zazhipuicom 新花样
21,人民币20元港币25元7月号juLY2016官方网站WWW.enrz.c
22,1-5197/(国内统一刊号邮发代号:46-316
0,男人装
1,件设计好货
2,完全概念手册
3,辆新车
4,高温炸街
5,物
6,假不无聊
7,18岁了
8,让我们聊点羞羞的
9,她们
10,08
11,在欲望中沦陷
12,欲望是泥沼
13,AUG 2016 
14,越挣扎越陷
15,二维码下载
16,男人装线上产品
17,FIRE N GOLD 
18,解输誉99
19,Nz
20,金与火之歌
21,azhipu .com同花
22,港币25元8月号AUGUST 2016官方网站WWW.n.COM ISSN 1672-8378(国际标准刊号】CN11-5197/0(国内统一刊号】邮发代号:46-316
0,男人装
1,3辆新车
2,金秋兜风
3,款玩水神器
4,跟大海一起
5,瑟好帮手
6,想来《男人装》
7,先纳投名状
8,百万年薪
9,招编辑!
10,摇滚万睡!
11,那些为中国摇滚献身的
12,姑娘们
13,998
14,09
15,EP.2016
16,N.149
17,COVER GIRL 
18,总第二百四十九期
19,张俪
20,3时
21,N9z
22,時尚出品
23,你看见的不是底牌
24,港币25元9月号SEPIEMBER 2016官方网站WWW .ENRZCOMISSN 1672-8378(国际标准号11-5197/o(国内统刊号邮
25,男装
0,辆新车
1,金秋兜风季
2,款玩水神器
3,跟大海一起浪
4,件潮物
5,嘚瑟好帮手
6,想来《男人装》
7,先纳投名状
8,百万年薪
9,招编辑!
10,摇滚万睡!
11,88
12,那些为中国摇滚献身的
13,姑娘们
14,SEP .2016 
15,NO 49 
16,COVER GIRL 
17,第一百四十九期時出品
18,张俪
19,°z
20,你看见的不是底牌
21,的
22,人民币20元港币25元9月号SEPTEMBER 2016官方网站WWWeZ.COM ISSN 1672-8378(
23,装
0,男人
1,1款美酒
2,春节嗨起来
3,8位美食家
4,年夜饭怎么吃
5,0辆新车
6,过冬撒欢儿好选择
7,款腕表
8,鸡年开运
9,欢乐喜剧人
10,展望
11,207
12,来了
13,最佳设计
14,这次我们把
15,型米凵
16,岳云鹏、艾伦、杨树林、
17,看完这些硬货
18,大潘潘、佳佳
19,你就是卡奴了
20,这些笑星都凑齐了
21,斜杠青年
22,身兼N职开挂人生
23,01
24,8
25,JAN 2017 
26,N.153
27,扫描二维码即可下载
28,男人装线上产品
29,COVER GIRL 
30,百五十三期時出
31,時尚出品
32,Nz
33,赵丽颖
34,"柔软的鞘,性感的刀"
35,民币20元
36,号JANUARY 2017官方网站WWW.enrz.COM ISSN 1672-8378(国际标准刊号)Cn11-5197/g(国内统一刊号邮36
0,男人
1,款美酒
2,节嗨起来
3,>
4,位美食家
5,年夜饭怎么吃
6,10辆新车
7,过冬撒欢儿好选择
8,款腕表
9,鸡年开运
10,欢乐喜剧人
11,来了
12,展望
13,这次我们把
14,岳云鹏、艾伦、杨树林、
15,2017
16,大潘潘、佳佳
17,最佳设计
18,这些笑星都凑齐了
19,看完这些硬货
20,你就是卡奴了
21,斜杠青年
22,身兼N职开挂人生
23,01
24,8
25,JAN 2017 
26,N.153
27,扫描二维码即可下载
28,男人装线上产品
29,COVER GIRL 
30,第一五十三期時出品
31,赵丽颖
32,"柔软的鞘,性感的刀"
33,人民币20元
34,港币25元
35,标准刊号CN11-5197/G(国内统刊号邮36
0,2017年10月封面:莫文蔚
1,男人
2,身旅行ook
3,打造有型假期
4,8辆旗舰新车
5,拼性能又拼颜值
6,4件潮物
7,一不无聊
8,EATURE 
9,中国
10,有嘻哈
11,7位Rapper 超级访问
12,10
13,这些人
14,OCT 2017 
15,我们觉得还OK啊!
16,N.162
17,卢靖姗
18,Celina Jade 
19,《战狼2》热血女主角来了
20,欧阳靖
21,"王者归来,仍是少年"
22,NM∞N-z
23,COVER GIRL 
24,创业公司的
25,30种死法
26,莫文尉
27,盆冷水浇醒你
28,我的叛逆和性感很高级
29,人民币20元港币25元10月号OCTOBER 2017官方网站WWW.nrz.COM ISSN 1672-8378(国际标准刊号cn11-5197/国内统刊号邮发代号:46-316
30,@男人装
0,手
1,1枚英雄腕表
2,漫威标配
3,辆怪诞汽车
4,设计师脑洞大开
5,件潮物
6,这个冬天燥起来
7,FEATURE 
8,活在地下的
9,韦德
10,中国摇滚
11,我从来都不服老
12,"有的摇滚活着,"
13,它已经死了
14,"有的摇滚死了,它还活着"
15,爱情市集
16,我装编辑
17,打入相亲角
18,NOV 2017 
19,NO.163
20,nN°z
21,COVER GIRL 
22,郭碧婷
23,性感会让我有点害羞
24,人民币20元港币25元11月号NOVEMBER 2017官方网站WWWr.COM ISSI 1672-8378(国际标准刊号)CN11-5197/G(国内统一刊号发量:316
0,7件潮物
1,圣诞礼物不用愁
2,5件喝酒神器
3,派对搞事情
4,辆新车
5,告别本年度
6,潮
7,12
8,D2017
9,扫描二维码即可下载
10,男人装线上产品
11,总第一百六十四期
12,映客先生
13,NN-z
14,時尚出品
15,鲜生夺人
16,672-8378(国际标准刊号)CN11-5197/(国内统刊16
0,男人装
1,件潮物
2,FEATURE 
3,圣诞礼物不用愁
4,预言家眼里的
5,辆新车
6,告别本年度
7,2018
8,件喝酒神器
9,派对搞事情
10,"别闹,我们是很严肃的!"
11,12
12,潜入夜店后台
13,D2017
14,N.164
15,这个活色生香的世界
16,你肯定没有见过
17,王功权:
18,"别开枪,是我!"
19,其实我对“时
20,操操
21,MNz
22,传销解救师
23,被洗脑的人
24,我都给你洗回来
25,品第一百六十四期時尚出品
26,林鹏
27,功夫者说
28,人民币20元港币25元12月号DECEMBER 2017官方网站WWWer.COM ISSN 1672-8378(国际标准刊号)CN11-5197/g(国内统6-16
0,人
1,步狠练教学
2,年后减肥
3,款开年新车
4,换车正当时
5,件顶尖潮物
6,剁手没商量
7,最怪博物馆
8,洁癖、卫道士、胆小者慎入
9,国产精酿14弹
10,02
11,走肾走心之绝佳饮品
12,FEB2017 
13,磁测
14,N.154
15,特工完全手册
16,扫描二维码即可下载
17,想穿成007看这个
18,Nz
19,8
20,维密超模
21,第一五十四期時尚出品
22,梦瑶
23,全球最性感的女人来了!
24,人民币20元
25,378(国际标准刊号)11-5197/O(国内统刊号)邮6-16
0,男人
1,步狠练教学
2,年后减肥
3,款开年新车
4,换车正当时
5,件顶尖潮物
6,最怪博物馆
7,洁癖、卫道士、胆小者慎入
8,国产精酿14弹
9,走肾走心之绝佳饮品
10,鉴
11,02
12,想穿成007
13,FEB2017 
14,看这个
15,N.154
16,扫描二维码即可下载
17,男人装线上产品
18,=
19,∞oNNz
20,的
21,维密超模
22,COVER GIRL 
23,总第一百五十四期時出品
24,梦瑶
25,全球最性感的女人来了!
26,人民币20元
27,港币25元
28,378(国际标准刊号)CN11-5197/GO(国内统刊号)16316
0,男人装
1,爬上云霄
2,看这些徒手爬摩天大楼的
3,家伙们是如何作死的
4,你的肉体
5,贷给谁
6,"为了钱,人们都疯了"
7,03
8,MAR2017 
9,N.155
10,扫描二维码即可下载
11,男人装线上产品
12,6件开年好货
13,年终奖散尽指南
14,辆亮相新车
15,换车好选择
16,供
17,nNz0
18,0件高清利器
19,玩转4K时代
20,COVER GIRL 
21,女排姑娘
22,总第一百五十五期
23,张常宁
24,時尚品
25,里约奥运会的中国“宝宝
26,人民币20元港
27,港币25元
28,标准刊号)N11-5197/g(国内统刊号)16人
0,男人
1,E四轮大厂
2,真实历史见证者
3,爆款新车
4,有里有面有料
5,6最硬期物
6,开春大手笔
7,马苏
8,难以设防的性感
9,最狠采访
10,我们搞定了
11,世界上最有钱权的五个人
12,佛罗里达
13,04
14,少年杀人事件
15,APR.2017
16,No.156
17,他把派对变成了一场屠杀
18,辞典
19,A到
20,解读
21,元港币25元4月号APRIL 2017官方网站WWWer.com5N1672-8378(国际标准刊号C11-5197/国内统一刊号】邮发代号:46-31
0,男人装
1,米
2,05
3,MaY.2017
4,N.157
5,50宗最
6,扫描二维码下载
7,男人装线上产品
8,"13年来,片刻欢愉与糟心全纪录"
9,耀游雕
10,N9z
11,我们十三周年了!
12,8辆新车
13,游嗨起来
14,6件潮物
15,长假玩不停
16,款世涛啤酒
17,苦中作乐
18,邻家有女
19,总第五十七期時尚出品
20,陈妍希
21,那些年
22,我们一起追过的姑娘
23,民币20元港币25元
24,5月号Ma2017官方网站WWW.enrz.COM ISSN 1672-8378(国际标准刊号)CN11-5197/C(国内统刊号光46
0,12款最新潮物
1,夏季不无聊
2,条葡萄酒路线
3,酒色全收
4,辆新车
5,扎堆亮相
6,父亲节专题
7,老子英雄
8,儿好汉
9,4对明星父子的
10,封家书
11,06
12,JuN.2017
13,no.158
14,扫描二维码即可下载
15,腿
16,睡8
17,nz
18,性感的白纯洁的黄
19,7官方网站Ww.enrz.COM ISSN 1672-8378(国际标准刊号CN11-5197/(国内统一刊号
0,男人
1,辆新车
2,款款走心
3,1好
4,件防水好货
5,好玩不怕水
6,14
7,欧最新品
8,酷暑不无聊
9,FEATURE 
10,米格-29
11,最强飞行体验
12,我们驾驶米格29飞到了同温层
13,柯蓝
14,除了《人民的名义》
15,我们什么都聊了!
16,烧烤特辑
17,最有sye的烧烤秘籍
18,郁这了
19,COVER GIRL 
20,吴昕
21,JUL 2017 
22,0.159
23,"深夜除了泡面,"
24,还有恋爱
25,9
0,男人
1,辆新车
2,蓄势待发逃离热岛
3,件解忧潮物
4,剁手好选择
5,杯夏日鸡尾酒
6,)
7,酷暑降温
8,FEATURE 
9,吐槽
10,08
11,大会
12,aGU.2017
13,no.160
14,谁说我们玩不好
15,扫描二维码即可下载
16,男人装线上产品
17,脱口秀?
18,潮啡
19,解酒药评测
20,酒精无情药有情?
21,∞MNN-z
22,深夜食堂
23,只有深夜的味蕾
24,才藏着百味的人生
25,这个夏天
26,去闹海
27,8品
28,水肺潜水指南
29,COVER GIRL 
30,总第百六十期
31,珠峰
32,朱茵
33,巨人
34,女神的
35,時尚出品
36,西生的生音
37,息
38,三次初恋
39,人民币20元港币25元8月号AUGUST 2017官方网站WWW.enrZ.COM ISSN 1672-
40,人民币20元
41,号】邮发男人装
42,国内统一刊号邮发
0,男人装
1,8辆新车
2,秋游好选择
3,4款潮物
4,新货尝鲜
5,FEATURE 
6,15概念武器
7,杀伤力爆棚
8,地下女团
9,养成记
10,那些工业流水线上的少女偶像
11,交通协管员
12,才对
13,体验报告
14,编辑12小时寻路北京
15,09
16,SEP 2017 
17,臧鸿飞
18,no.161
19,过把瘾就死
20,扫描二维码即可下载
21,男人装线上产品
22,"我肝火太旺,"
23,不喷难受
24,88
25,Nz
26,天N
27,地表强者
28,COVER GIRL 
29,第一百六十一期時尚出品
30,袁姗姗
31,她蜕变得更加风情自如
32,AE元港币25元9月号SEPTEMBEI 
0,男人
1,件潮物
2,帮你花掉年终奖
3,辆新车
4,开启新一年
5,只恶犬
6,骑重型机车
7,鸡年苟事
8,这次登上我装
9,这些拍案惊奇的大事
10,害画k
11,祖宗教你
12,搞事情
13,我们桩桩为你呈现
14,册
15,《三十六计》理财宝典
16,《孙子兵法》爱情圣经
17,我装编辑
18,吃狗粮
19,罗大佑
20,"口味甚重,慎入!"
21,"教父太俗,我只想吟游"
22,孙坚
23,迪玛希
24,我的角色在前面等我
25,在冬天演绎黑白
26,总第一百六十五期時尚出
27,型准空
28,01
29,JAN 2018 
30,∞Nvv
31,N.165
32,20元港25元1月号JANUARY 2018官方网站WWW.enrz.COM ISSN 
33,勇人
0,男人
1,辆新车
2,重新修改你的物欲清单
3,款潮物
4,继续引领潮流风向
5,款APP
6,带你过上不将就的人生
7,舌尖上的
8,互联网
9,公司都是500强
10,员堂
11,明日之子
12,我青春拒绝残酷
13,10
14,即
15,C2018
16,扫描二维码即可下载
17,男人装线上产品
18,8英言
19,总第一百七十四期時尚出
20,吴谨言
21,时光淬炼的女孩
22,人民币20元港币25元10月号OCTOBER 2018官方网站WWWen.COMISSN 国际标准连续版物号1672-8378CN:国内统一连续出版物号11-5
23,@男人
0,人装
1,类数码领域靠谱指南
2,手把手教你玩尖儿货
3,8款新车
4,引领座驾新动向
5,家酒店新奇服务
6,证明酒店不只用来睡觉
7,男人装
8,奇葩说
9,"全民奇葩的时代,"
10,他们才是真奇葩!
11,副邮
12,妖怪食谱图鉴
13,"我们都想知道,"
14,妖怪的肉好吃吗?
15,12
16,DEC 2018 
17,在酒店撒野
18,N.176
19,我们找到了
20,男人装线上产品
21,酒店的新乐子
22,8
23,很需很5
24,∞MN9-z
25,总第一百七十六期時出品
26,出水双娇
27,蒋文文蒋婷婷
28,民币20元港币25元12月号DECEMBER 201官方网站WW
29,男人装
30,士版物号1672-8378CN:国内统一连续出版物号11-5197/GO邮发代号:46-316
0,男人
1,17件潮物
2,让你脑洞大开
3,场顶级越野跑比赛
4,重新定义你的人生
5,辆新车
6,填满你的欲望清单
7,02
8,五个
9,FEB2018 
10,春节饭局
11,No.166
12,我不是在酒桌上
13,扫描二维码即可下载
14,就是在去往酒桌的路上
15,啪
16,男人装线上产品
17,我的战争
18,播播
19,∞Noz
20,四上妥点
21,三个来自前线的故事
22,女友
23,不在家
24,你要怎么作?
25,性
26,s
27,一百六十六期時尚
28,徐冬冬
29,時出品
30,美色可餐
31,人民币20元港币25元02月号FEBRUARY 2018官方网站
32,装
33,CN11-5197/G(国内统
0,男人装
1,件数码尖儿货
2,03
3,开年大赏
4,辆无人驾驶汽车
5,MAR2018 
6,解放你的双手
7,N.167
8,家地道烧鸟店
9,冲西味雷
10,88
11,总第百六十七期時
12,有型的颜值
13,ez
14,无限的能量
15,一直播主播红军男神@主持人明宇唱甜歌的旭美儿
16,人民币20元
17,元港市25元
18,内统1
0,男
1,件秘密武器
2,保你数据安全
3,0件事
4,不干会后悔
5,辆凶悍座驾
6,彰显真性情
7,人的命
8,地铁定
9,"另类地铁地图,"
10,欢迎对号入座!
11,但她不是我们想象中的
12,9
13,NNz
14,欧巴来了!
15,涨>
16,"神秘明星,"
17,我装24小时
18,独家跟拍
19,安以轩
20,她
21,“拒绝”粉红
22,"着辨识度高的温腔调儿,得她会喜欢粉红巴"
23,一百六十八期時尚出
24,04
25,APR 2018 
26,N.168
27,人民币20元港币25元04月号APRIL 2018官方网站WWW.enr.COM ISSN 1672-8378(国际标准刊号)CN11-5197/G(国内统刊号-316
0,T
1,男人
2,辆最养眼新车
3,有钱你买不到
4,5款游戏
5,一个人玩high翻天
6,10款威士忌
7,开启你的狂狼人生
8,对话零零后
9,从爱情到人生
10,香港
11,从商业到娱乐
12,我们和零零后聊个敞亮
13,制造
14,4位星爷搭档
15,白手起家
16,电影不死
17,只是凋零
18,指南
19,"暴富这事,"
20,不试试你怎么知道
21,不行?
22,N~
23,e
24,她的ae
25,&
26,05
27,8
28,MAY 2018 
29,扫描二维码即可下载
30,男人装线上产品
31,小S徐熙娣
32,总第一百六十九期時尚出品
33,忽然迷情夜
34,on9z
35,人民币20元港币25元
36,民币20元港币25元05月号MAY2018官方网站WWW.E
37,5男火装78(
0,男人
1,辆新车
2,直击2018北京车展
3,款LK
4,球衣也能穿出时装范儿
5,款最新潮物
6,帮你钱包瞬间瘦身
7,俄罗斯
8,世界杯
9,战斗民族
10,我误会你了!
11,偶像
12,练习生
13,中国式偶象网绿元
14,扫描二维码即可下载
15,和才华并行!
16,男人装线上产品
17,88
18,时5
19,∞N-z
20,usa
21,a
22,总第一百七+期
23,06
24,崔阿扎
25,JUN2018 
26,時尚出品
27,o170
28,戛纳红毯上的“美人鱼
29,人民币20元港币
30,06月号Une2018官方网站WWW.enrz.COM ISSN 1672-8378(国际标准刊号)CN11-5197/G(国内统一刊号)邮发代号:46-316
31,@男人
0,男人装
1,给热辣的7月添把火
2,件伟大器物
3,改变男人世界进程
4,款新表
5,让你秒变时间手艺人
6,中国最全
7,啤酒评测
8,我们一次干掉了
9,21种“大绿棒子”
10,吴孟达
11,"少了谁,"
12,星球都一样转
13,07
14,JU2018
15,71
16,总第一百七十一期時尚出品
17,朱丹
18,MNN
19,2
20,時尚
21,海岸美赋
22,TRENDS 
23,让生更美好
24,人民币20元港币25元07月号JULY2018官方网站WWW.ENRZ .出号1672-8378CN:国内统一连续出版物号11-5197/C
25,人民币20元港币25元07月号juy2018官方网站ww
26,-5197/邮发代号:46-316
0,男
1,8辆新车
2,送给真汉子的完美座驾
3,款潮物
4,给你一个淘空钱包的理由
5,23款户外装备
6,跟随我装去野
7,03
8,AUG 2018 
9,no172
10,特邀冯唐配诗
11,"腰间有剑,胸中有歌"
12,時尚
13,TRENDS 
14,发生
15,币20元港币25元08月号AUGUST 2018官方网站WW .ENRZ.Om
16,男大装
17,1672-8378CN:国内统一连续出版物号11-5197/GO邮发代号:46-316
0,男人装
1,8款香槟
2,节日气氛保鲜剂
3,16款潮物
4,助推新年好心情
5,8款新车
6,锁定一年FLAG
7,说唱江湖
8,龍胆紫、艾热、马俊、
9,c-Block 、gosh、nous
10,"全民啵,我在饶舌!"
11,改装自己的身体
12,强大自己的精神
13,中国有代购
14,老外都在中国买什么?
15,JAN 2019 
16,N.177
17,宁静
18,新年恋人
19,人民币20元港币25元1月号JANUARY 2019官方网站WWW .ENR.COM ISSN :国际标准连续出版物号1672-8378CN:国内统一连续出版物号11-5197/G邮发代号:46
20,46-316
21,田人壮
0,男人
1,50件男人玩具
2,重现趣味历史
3,6款金酒开启饮酒
4,极简主义
5,8辆新车重新定义
6,Dream Car 
7,游本昌
8,"疯癫济公,笑看人生"
9,能动手别动嘴
10,"学着点,男人技多不压身"
11,10
12,OCT 2019 
13,NO.186
14,8
15,袁姗姗
16,一百八十六期時尚出
17,時尚出品
18,勇字当头
19,人民币20元港币25元10月号OCTOBER 2019官方网站WWW
0,8件潮物让你的望
1,消里冉长儿
2,8款新车路面结冰前再
3,疯狂一把
4,6款西班牙酒给你浓郁
5,深的别样口感
6,小人物范伟
7,"不是大款,也没伙夫"
8,营册
9,应聘大调查
10,识受命运
11,NOV 2019 
12,o.187
13,N
14,扫描二维码即可下载
15,男人装线上产品
16,第一百八十七期時出品
17,NNN-z
18,张雪迎
19,给你一份初恋
20,示世版物号1672-8378CN:国内统一连续出版物号11-5197/GO邮发代号:46-316
0,17件潮物个性好帮手
1,8款新车引领设计
2,新风潮
3,6款圣诞节氛围酒体验
4,不一样的节日心情
5,导演要发声
6,陈凯歌李少红赵薇郭敬明
7,一步到位
8,神仙故士
9,我们找到了仙班的家庭住址
10,DEC 2019 
11,os
12,188
13,扫描二维码即可下载
14,男人装线上产品
15,总第一十八期時尚出品
16,张歆艺
17,歆自由主义
18,男装
19,版物号1672-8378CN:国内统一连续出版物号11-5197GO邮发代号:46-316
0,男人装
1,款数码酷品
2,开启一年好运
3,款雪具
4,助你雪地狂欢
5,款新车
6,刷新你的新年心愿清单
7,老狼&小柯
8,你恋风尘我慕黄昏
9,春节新文化
10,他们把春节玩成了
11,鬼畜、次元和
12,02
13,FEB 2019 
14,N.178
15,男人装线上产品
16,8
17,NNz
18,北极星小姐姐
19,总第一百七十八期時尚出品
20,艾玛杜蒙特
21,中国超能力
22,人民币20元潜币25元2月号FEBRUARY 2019官方网站WWenrz.COM ISSN :国际标准连续出版物号1672-8378C:国内统一连续出版物号11-5197/G邮发代号:46-316
23,田人壮
0,男人
1,16
2,款潮物
3,给你满满正能量
4,款瞬间飘忽
5,放松酒
6,辆最提神高能座驾
7,帮你冲出又一个春天
8,救救
9,它们统治未来
10,文学
11,2019CES最全盘点
12,苏童、格非、毕飞宇
13,匿名作家的拯救计划
14,如何拥有一台
15,DREAM CAR 
16,哪
17,小沈阳
18,老爷车海外购入指南
19,我说得太多了
20,03
21,MAR2019 
22,N0.179
23,扫描二维码即可下载
24,8
25,n°z
26,总第一百七十九期時尚
27,月L
28,海清甜烈如酒
0,6款新车带你亲历
1,车展现场
2,6件潮物开启热辣
3,夏日模式
4,款白葡萄酒喝出仲
5,夏夜的味道
6,小学题
7,难倒英雄汉
8,"倒退20年,你都毕不了业"
9,Coser 的麦加
10,全球十大必去漫展
11,06
12,FAR FROM 
13,JUN 2019 
14,THE MADDING CROWD 
15,N.182
16,COVER GIRL 
17,扫描二维码即可下载
18,韩雪
19,男人装线上产品
20,这个姑娘不太冷
21,∞~NN-z
22,人民币20元港币25元6月号JU2019官方网站WW.enr.COM ISSN 际标准连续出版物号1672-8378CN:国内统一连续出版物号11-5197GO邮发代号:46-316
23,@男人装
0,男人装
1,15款数码装备帮你
2,嗨翻沙滩派对
3,3款电动车
4,聪明放心购
5,6款黑啤酒清爽
6,仲夏夜
7,8o9
8,07
9,JULY 2019 
10,o.183
11,第一八土三期時尚出品
12,张靓颖
13,2019年第07期总第183期
14,issn1672-8378
15,时1
16,非标准性感
17,男夫装
18,物号1672-8378N:国内统一连续出版物号11-5197邮发代号:46-316
0,4H
1,16件尖儿货让你成为
2,聚会聚光灯
3,8款新车填满你的
4,愿望清单
5,6款泥煤怪兽让你尝到
6,不一样的威士忌
7,图
8,09
9,SEP 2019 
10,N185
11,8
12,第一百八十五期
13,许晴
14,从自我到你和我
15,時尚出品
16,男装
17,人民币20元港币25元9月号SEPTEMBER 2019官方网站WWW .ENRE
0,男人装
1,9件潮物给一成不变的
2,生活添些惊喜
3,4件潮物给一成不变的生
4,活添些惊喜
5,辆新车刷新价格新高度
6,李诚儒
7,您瞧我这张嘴
8,城市隐居者
9,躲得开城市逃不开生活
10,JAN 2020 
11,o.189
12,扫二码下
13,男人装线上产品
14,接纳意外
15,张天爱
16,zazhipu .
17,1月号JANUARY 2o20g方网站WWW .ENRZ.COMSSN :国际标准连续出版物号1672-8378CN:国内统一连续出版物
18,出版物号11-5197g发代号:46-316
0,男人
1,11
2,NOV 2020 
3,N.199
4,扫描二维码即可下载
5,男人装线上产品
6,新我进行式
7,忌第一百九十九期時尚出品
8,晓彤
9,彤
10,nNz
0,手握未来答题权的
1,DEC 2020 
2,no.200
3,00后姑娘们
4,其中200位)
5,扫二码可下载
6,男人装线上产品
7,38
8,MN9z的
9,.com
10,2月号DEC2020官方网站
11,1672-8378c
0,男人装
1,02
2,FEB 2020 
3,N.190
4,二可下载
5,男人装线上产
6,~内
7,张静初
8,她和她自己
9,16件央儿货玩出制样潮流
10,.:
0,男人装
1,03/04
2,合刊
3,MAR / APR2020 
4,N.191
5,探影
6,簡體中文
7,時尚雜誌
8,魏大勋
9,專賣店
10,随时预备起跑
11,人民币20元港币25元0304月号MAR/APR2020官方网站WWW .ENRZCO
0,男人装
1,以
2,公民
3,os
4,总第一百九十三期時尚出品
5,ono°z
6,男人装Xi50P特辑
7,人民币20元港币25元05月号MAY2020官方网站WWW.enr.COM ISSN :国际标准连续出版物号1672-8378CN:国内统一连续出版物号11-5197/GO邮发代号:46-316
8,甲人
0,男人装
1,06
2,JUN 2020 
3,N.194
4,扫二维码可下载
5,男人装线上产品
6,男人装拍网剧
7,嚼88
8,的z
9,也许和悬疑有关?
10,演员范丞
11,演员义淇
12,员朱亚azhipu .com
13,人民币20元
14,民币20元25元06月号JUNE2020官方网站W
15,1672-8378c:国内
16,号11-5197g邮发代号:46-31
0,男人
1,NEW 
2,02
3,20102202
4,关晓彤
5,1551672-8378
6,FB2021
7,率真新世代
8,N.202
0,关注男人装微信(nrz200405)看全文
1,"微信回复“陈漫”,便有机会得到她的签名杂志"
2,collectic 
3,男人
4,陈漫
5,男人装
6,男人装
7,FOR HIM MAGAZINE O 
